apps/documents/tests/test_access_tokens.py::IssueAccessTokenTests::test_issue_token_creates_record
apps/documents/tests/test_access_tokens.py::IssueAccessTokenTests::test_issue_token_for_active_document_is_valid
apps/documents/tests/test_access_tokens.py::IssueAccessTokenTests::test_issue_token_linked_to_correct_document
apps/documents/tests/test_access_tokens.py::IssueAccessTokenTests::test_issue_token_linked_to_correct_user
apps/documents/tests/test_access_tokens.py::IssueAccessTokenTests::test_issue_token_non_owner_writes_access_denied_audit_event
apps/documents/tests/test_access_tokens.py::IssueAccessTokenTests::test_issue_token_raises_404_for_deleted_document
apps/documents/tests/test_access_tokens.py::IssueAccessTokenTests::test_issue_token_raises_404_for_non_owner
apps/documents/tests/test_access_tokens.py::IssueAccessTokenTests::test_issue_token_raises_404_for_pending_upload
apps/documents/tests/test_access_tokens.py::IssueAccessTokenTests::test_issue_token_raises_404_for_quarantined_document
apps/documents/tests/test_access_tokens.py::IssueAccessTokenTests::test_issue_token_raises_404_for_scanning_document
apps/documents/tests/test_access_tokens.py::IssueAccessTokenTests::test_issue_token_staff_coordinator_can_download_any
apps/documents/tests/test_access_tokens.py::IssueAccessTokenTests::test_issue_token_superuser_can_download_any
apps/documents/tests/test_access_tokens.py::IssueAccessTokenIPMaskingTests::test_ipv4_127_0_0_1_masked
apps/documents/tests/test_access_tokens.py::IssueAccessTokenIPMaskingTests::test_ipv4_last_octet_zeroed
apps/documents/tests/test_access_tokens.py::IssueAccessTokenIPMaskingTests::test_ipv6_masked_to_48_prefix
apps/documents/tests/test_access_tokens.py::IssueAccessTokenIPMaskingTests::test_none_ip_stored_as_none
apps/documents/tests/test_access_tokens.py::IssueAccessTokenIPMaskingTests::test_unparseable_ip_stored_as_none
apps/documents/tests/test_access_tokens.py::IssueAccessTokenAuditTests::test_issue_token_audit_actor_is_user
apps/documents/tests/test_access_tokens.py::IssueAccessTokenAuditTests::test_issue_token_audit_no_original_filename
apps/documents/tests/test_access_tokens.py::IssueAccessTokenAuditTests::test_issue_token_audit_no_storage_key
apps/documents/tests/test_access_tokens.py::IssueAccessTokenAuditTests::test_issue_token_writes_audit_record
apps/documents/tests/test_access_tokens.py::IssueAccessTokenTTLTests::test_token_default_ttl_300_seconds
apps/documents/tests/test_access_tokens.py::IssueAccessTokenTTLTests::test_token_ttl_from_settings
apps/documents/tests/test_access_tokens.py::ConsumeAccessTokenTests::test_consume_token_is_invalid_after_use
apps/documents/tests/test_access_tokens.py::ConsumeAccessTokenTests::test_consume_token_marks_used_at
apps/documents/tests/test_access_tokens.py::ConsumeAccessTokenTests::test_consume_token_raises_404_on_expired_token
apps/documents/tests/test_access_tokens.py::ConsumeAccessTokenTests::test_consume_token_raises_404_on_nonexistent_token
apps/documents/tests/test_access_tokens.py::ConsumeAccessTokenTests::test_consume_token_raises_404_on_used_token
apps/documents/tests/test_access_tokens.py::ConsumeAccessTokenTests::test_consume_token_raises_404_wrong_user
apps/documents/tests/test_access_tokens.py::ConsumeAccessTokenTests::test_consume_token_returns_document
apps/documents/tests/test_access_tokens.py::ConsumeAccessTokenTests::test_consume_token_used_at_is_recent
apps/documents/tests/test_access_tokens.py::ConsumeAccessTokenTests::test_consume_token_writes_audit_record
apps/documents/tests/test_access_tokens.py::ConsumeAccessTokenTests::test_consume_token_wrong_user_writes_access_denied_audit_event
apps/documents/tests/test_access_tokens.py::PurgeExpiredTokensTests::test_purge_deletes_expired_tokens
apps/documents/tests/test_access_tokens.py::PurgeExpiredTokensTests::test_purge_deletes_used_tokens
apps/documents/tests/test_access_tokens.py::PurgeExpiredTokensTests::test_purge_dry_run_does_not_delete
apps/documents/tests/test_access_tokens.py::PurgeExpiredTokensTests::test_purge_mixed_batch
apps/documents/tests/test_access_tokens.py::PurgeExpiredTokensTests::test_purge_preserves_valid_tokens
apps/documents/tests/test_access_tokens.py::PurgeExpiredTokensTests::test_purge_returns_count_of_deleted
apps/documents/tests/test_admin.py::DocumentAdminStorageKeyTests::test_storage_key_not_in_any_fieldset
apps/documents/tests/test_admin.py::DocumentAdminStorageKeyTests::test_storage_key_not_in_list_display
apps/documents/tests/test_admin.py::DocumentAdminStorageKeyTests::test_storage_key_not_in_list_filter
apps/documents/tests/test_admin.py::DocumentAdminStorageKeyTests::test_storage_key_not_in_readonly_fields
apps/documents/tests/test_admin.py::DocumentAdminStorageKeyTests::test_storage_key_not_in_search_fields
apps/documents/tests/test_admin.py::DocumentAdminOriginalFilenameTests::test_original_filename_in_readonly_fields_for_detail
apps/documents/tests/test_admin.py::DocumentAdminOriginalFilenameTests::test_original_filename_not_in_list_display
apps/documents/tests/test_admin.py::DocumentAdminOriginalFilenameTests::test_original_filename_not_in_search_fields
apps/documents/tests/test_admin.py::DocumentAdminPermissionTests::test_has_add_permission_false
apps/documents/tests/test_admin.py::DocumentAdminPermissionTests::test_has_change_permission_false_with_obj
apps/documents/tests/test_admin.py::DocumentAdminPermissionTests::test_has_change_permission_false_without_obj
apps/documents/tests/test_admin.py::DocumentAdminPermissionTests::test_has_delete_permission_false_with_obj
apps/documents/tests/test_admin.py::DocumentAdminPermissionTests::test_has_delete_permission_false_without_obj
apps/documents/tests/test_admin.py::DocumentAdminPermissionTests::test_read_only_even_for_superuser
apps/documents/tests/test_admin.py::DocumentAdminListDisplayTests::test_list_display_has_scan_status_badge
apps/documents/tests/test_admin.py::DocumentAdminListDisplayTests::test_list_display_uses_uploaded_by_id_not_email
apps/documents/tests/test_admin.py::DocumentAdminListDisplayTests::test_scan_engine_result_not_in_list_display
apps/documents/tests/test_admin.py::DocumentAdminFieldsetTests::test_legal_hold_related_fields_in_fieldset
apps/documents/tests/test_admin.py::DocumentAdminFieldsetTests::test_no_storage_key_in_any_fieldset
apps/documents/tests/test_admin.py::DocumentAdminFieldsetTests::test_scan_engine_result_in_fieldset_for_detail
apps/documents/tests/test_admin.py::DocumentCategoryAdminPermissionTests::test_has_delete_permission_false
apps/documents/tests/test_admin.py::DocumentCategoryAdminPermissionTests::test_has_delete_permission_false_with_obj
apps/documents/tests/test_admin.py::DocumentAccessTokenAdminPermissionTests::test_has_add_permission_false
apps/documents/tests/test_admin.py::DocumentAccessTokenAdminPermissionTests::test_has_change_permission_false
apps/documents/tests/test_admin.py::DocumentAccessTokenAdminPermissionTests::test_has_delete_permission_false
apps/documents/tests/test_admin.py::DocumentAttachmentAdminPermissionTests::test_has_add_permission_false
apps/documents/tests/test_admin.py::DocumentAttachmentAdminPermissionTests::test_has_change_permission_false
apps/documents/tests/test_admin.py::DocumentAttachmentAdminPermissionTests::test_has_delete_permission_false
apps/documents/tests/test_admin.py::AdminRegistrationTests::test_document_admin_class
apps/documents/tests/test_admin.py::AdminRegistrationTests::test_document_category_admin_class
apps/documents/tests/test_admin.py::AdminRegistrationTests::test_document_category_registered
apps/documents/tests/test_admin.py::AdminRegistrationTests::test_document_registered
apps/documents/tests/test_api.py::DocumentRequestUploadAPITests::test_201_response_contains_required_fields
apps/documents/tests/test_api.py::DocumentRequestUploadAPITests::test_201_success
apps/documents/tests/test_api.py::DocumentRequestUploadAPITests::test_400_missing_required_fields
apps/documents/tests/test_api.py::DocumentRequestUploadAPITests::test_400_size_bytes_too_large
apps/documents/tests/test_api.py::DocumentRequestUploadAPITests::test_400_unknown_category_slug
apps/documents/tests/test_api.py::DocumentRequestUploadAPITests::test_401_unauthenticated
apps/documents/tests/test_api.py::DocumentRequestUploadAPITests::test_403_service_permission_denied
apps/documents/tests/test_api.py::DocumentRequestUploadAPITests::test_s1_storage_key_absent_from_201_response
apps/documents/tests/test_api.py::DocumentConfirmUploadAPITests::test_200_success_scan_status_scanning
apps/documents/tests/test_api.py::DocumentConfirmUploadAPITests::test_400_service_validation_error
apps/documents/tests/test_api.py::DocumentConfirmUploadAPITests::test_401_unauthenticated
apps/documents/tests/test_api.py::DocumentConfirmUploadAPITests::test_404_idor_wrong_owner
apps/documents/tests/test_api.py::DocumentConfirmUploadAPITests::test_404_nonexistent_doc
apps/documents/tests/test_api.py::DocumentDetailAPITests::test_200_returns_all_spec_fields
apps/documents/tests/test_api.py::DocumentDetailAPITests::test_404_not_found
apps/documents/tests/test_api.py::DocumentDetailAPITests::test_404_not_found_does_not_write_access_denied_audit_event
apps/documents/tests/test_api.py::DocumentDetailAPITests::test_a5_401_unauthenticated
apps/documents/tests/test_api.py::DocumentDetailAPITests::test_s1_storage_key_absent_from_response
apps/documents/tests/test_api.py::DocumentDetailAPITests::test_s2_scan_engine_result_hidden_from_citizen
apps/documents/tests/test_api.py::DocumentDetailAPITests::test_s2_scan_engine_result_shown_to_quarantine_staff
apps/documents/tests/test_api.py::DocumentDetailAPITests::test_s3_uploaded_by_id_is_pk_not_email
apps/documents/tests/test_api.py::DocumentDetailAPITests::test_s4_404_wrong_owner_idor
apps/documents/tests/test_api.py::DocumentDetailAPITests::test_s4_404_wrong_owner_writes_access_denied_audit_event
apps/documents/tests/test_api.py::DocumentDownloadInitAPITests::test_200_returns_download_url_and_expires_at
apps/documents/tests/test_api.py::DocumentDownloadInitAPITests::test_404_deleted_document
apps/documents/tests/test_api.py::DocumentDownloadInitAPITests::test_404_scanning_document
apps/documents/tests/test_api.py::DocumentDownloadInitAPITests::test_404_wrong_owner
apps/documents/tests/test_api.py::DocumentDownloadInitAPITests::test_405_get_not_allowed
apps/documents/tests/test_api.py::DocumentDownloadInitAPITests::test_a5_401_unauthenticated
apps/documents/tests/test_api.py::DocumentDownloadInitAPITests::test_download_url_contains_dl_path
apps/documents/tests/test_api.py::DocumentDownloadInitAPITests::test_ip_address_ignores_spoofed_x_forwarded_for
apps/documents/tests/test_api.py::DocumentDownloadInitAPITests::test_no_token_url_field_in_response
apps/documents/tests/test_api.py::DocumentDownloadInitAPITests::test_s1_download_url_does_not_contain_storage_key
apps/documents/tests/test_api.py::DocumentTokenRedeemAPITests::test_a5_401_unauthenticated
apps/documents/tests/test_api.py::DocumentTokenRedeemAPITests::test_expired_token_returns_410
apps/documents/tests/test_api.py::DocumentTokenRedeemAPITests::test_invalid_token_returns_404
apps/documents/tests/test_api.py::DocumentTokenRedeemAPITests::test_large_file_302_location_no_storage_key
apps/documents/tests/test_api.py::DocumentTokenRedeemAPITests::test_large_file_returns_302_redirect
apps/documents/tests/test_api.py::DocumentTokenRedeemAPITests::test_s1_storage_key_absent_from_small_file_body
apps/documents/tests/test_api.py::DocumentTokenRedeemAPITests::test_small_file_returns_200
apps/documents/tests/test_api.py::DocumentTokenRedeemAPITests::test_used_token_returns_404
apps/documents/tests/test_api.py::DocumentTokenRedeemAPITests::test_wrong_user_returns_404
apps/documents/tests/test_api.py::DocumentTokenRedeemAPITests::test_wrong_user_writes_access_denied_audit_event
apps/documents/tests/test_api.py::DocumentAttachedListAPITests::test_200_results_contain_attachment_fields
apps/documents/tests/test_api.py::DocumentAttachedListAPITests::test_200_staff_gets_paginated_list
apps/documents/tests/test_api.py::DocumentAttachedListAPITests::test_400_malformed_attached_to
apps/documents/tests/test_api.py::DocumentAttachedListAPITests::test_400_unknown_content_type
apps/documents/tests/test_api.py::DocumentAttachedListAPITests::test_403_citizen_cannot_access
apps/documents/tests/test_api.py::DocumentAttachedListAPITests::test_a5_401_unauthenticated
apps/documents/tests/test_api.py::DocumentAttachAPITests::test_400_missing_content_type
apps/documents/tests/test_api.py::DocumentAttachAPITests::test_403_citizen_is_blocked
apps/documents/tests/test_api.py::DocumentAttachAPITests::test_403_missing_upload_staff_document_perm
apps/documents/tests/test_api.py::DocumentAttachAPITests::test_404_nonexistent_doc
apps/documents/tests/test_api.py::DocumentAttachAPITests::test_a3_201_creates_attachment
apps/documents/tests/test_api.py::DocumentAttachAPITests::test_a5_401_unauthenticated
apps/documents/tests/test_api.py::DocumentDeleteAPITests::test_400_missing_reason
apps/documents/tests/test_api.py::DocumentDeleteAPITests::test_400_short_reason
apps/documents/tests/test_api.py::DocumentDeleteAPITests::test_403_missing_delete_permission
apps/documents/tests/test_api.py::DocumentDeleteAPITests::test_a4_204_soft_delete_success
apps/documents/tests/test_api.py::DocumentDeleteAPITests::test_a5_401_unauthenticated
apps/documents/tests/test_api.py::DocumentDeleteAPITests::test_s4_404_wrong_owner_idor
apps/documents/tests/test_api.py::DocumentDeleteAPITests::test_s6_403_legal_hold_blocks_delete
apps/documents/tests/test_api.py::DocumentVersionsAPITests::test_200_single_version_document
apps/documents/tests/test_api.py::DocumentVersionsAPITests::test_200_three_version_chain
apps/documents/tests/test_api.py::DocumentVersionsAPITests::test_200_versions_from_any_chain_member
apps/documents/tests/test_api.py::DocumentVersionsAPITests::test_a5_401_unauthenticated
apps/documents/tests/test_api.py::DocumentVersionsAPITests::test_s4_404_wrong_owner_idor
apps/documents/tests/test_api.py::DocumentVersionsAPITests::test_versions_ordered_ascending
apps/documents/tests/test_api.py::DocumentListAPITests::test_200_category_filter
apps/documents/tests/test_api.py::DocumentListAPITests::test_200_citizen_count
apps/documents/tests/test_api.py::DocumentListAPITests::test_200_citizen_sees_own_documents
apps/documents/tests/test_api.py::DocumentListAPITests::test_200_coordinator_sees_all_documents
apps/documents/tests/test_api.py::DocumentListAPITests::test_200_excludes_deleted_documents
apps/documents/tests/test_api.py::DocumentListAPITests::test_200_paginated_response_structure
apps/documents/tests/test_api.py::DocumentListAPITests::test_200_scan_status_filter
apps/documents/tests/test_api.py::DocumentListAPITests::test_200_staff_without_view_all_sees_only_own_docs
apps/documents/tests/test_api.py::DocumentListAPITests::test_403_quarantined_filter_not_accessible_via_general_list
apps/documents/tests/test_api.py::DocumentListAPITests::test_a5_401_unauthenticated
apps/documents/tests/test_api.py::DocumentListAPITests::test_s1_storage_key_absent_from_list
apps/documents/tests/test_api.py::DocumentQuarantinedListAPITests::test_200_excludes_active_documents
apps/documents/tests/test_api.py::DocumentQuarantinedListAPITests::test_200_excludes_deleted_quarantined_documents
apps/documents/tests/test_api.py::DocumentQuarantinedListAPITests::test_200_paginated_response_structure
apps/documents/tests/test_api.py::DocumentQuarantinedListAPITests::test_200_returns_quarantined_documents
apps/documents/tests/test_api.py::DocumentQuarantinedListAPITests::test_200_scan_engine_result_visible
apps/documents/tests/test_api.py::DocumentQuarantinedListAPITests::test_403_citizen_is_blocked
apps/documents/tests/test_api.py::DocumentQuarantinedListAPITests::test_403_citizen_with_view_quarantined_perm_still_blocked
apps/documents/tests/test_api.py::DocumentQuarantinedListAPITests::test_403_staff_without_view_quarantined_perm
apps/documents/tests/test_api.py::DocumentQuarantinedListAPITests::test_a5_401_unauthenticated
apps/documents/tests/test_api.py::DocumentQuarantinedListAPITests::test_s1_storage_key_absent_from_quarantined_list
apps/documents/tests/test_api.py::DocumentTokenRedeemExpiredAPITests::test_already_used_token_is_404_not_410
apps/documents/tests/test_api.py::DocumentTokenRedeemExpiredAPITests::test_expired_and_used_token_is_404
apps/documents/tests/test_api.py::DocumentTokenRedeemExpiredAPITests::test_expired_token_is_410_not_404
apps/documents/tests/test_api.py::DocumentTokenRedeemExpiredAPITests::test_expired_token_response_has_error_code
apps/documents/tests/test_api.py::EncryptedPdfRejectionTests::test_clean_pdf_accepted
apps/documents/tests/test_api.py::EncryptedPdfRejectionTests::test_encrypted_pdf_fallback_raw_byte_check
apps/documents/tests/test_api.py::EncryptedPdfRejectionTests::test_encrypted_pdf_rejected_with_400
apps/documents/tests/test_api.py::EncryptedPdfRejectionTests::test_non_pdf_skips_encryption_check
apps/documents/tests/test_api.py::DocumentVersionsVisibilityAPITests::test_all_active_chain_is_unaffected
apps/documents/tests/test_api.py::DocumentVersionsVisibilityAPITests::test_citizen_does_not_see_quarantined_or_deleted_siblings
apps/documents/tests/test_api.py::DocumentVersionsVisibilityAPITests::test_coordinator_also_does_not_see_quarantined_sibling
apps/documents/tests/test_api.py::DocumentVersionsVisibilityAPITests::test_quarantined_sibling_metadata_not_leaked
apps/documents/tests/test_api.py::DocumentVersionsVisibilityAPITests::test_soft_deleted_sibling_not_listed
apps/documents/tests/test_api.py::UploadedByIdFieldTypeAPITests::test_doc_id_remains_a_uuid_string
apps/documents/tests/test_api.py::UploadedByIdFieldTypeAPITests::test_field_is_declared_as_integer
apps/documents/tests/test_api.py::UploadedByIdFieldTypeAPITests::test_serializes_as_json_integer
apps/documents/tests/test_api.py::DocumentNewVersionAPITests::test_201_response_shape
apps/documents/tests/test_api.py::DocumentNewVersionAPITests::test_201_without_category_slug_in_request_body
apps/documents/tests/test_api.py::DocumentNewVersionAPITests::test_400_citizen_between_citizen_and_staff_cap_still_rejected
apps/documents/tests/test_api.py::DocumentNewVersionAPITests::test_401_unauthenticated
apps/documents/tests/test_api.py::DocumentNewVersionAPITests::test_403_service_permission_denied
apps/documents/tests/test_api.py::DocumentNewVersionAPITests::test_404_non_owned_document
apps/documents/tests/test_api.py::DocumentNewVersionAPITests::test_description_reaches_the_service_layer
apps/documents/tests/test_api.py::DocumentNewVersionAPITests::test_staff_upload_between_citizen_and_staff_cap_succeeds
apps/documents/tests/test_audit.py::SoftDeleteAuditTests::test_soft_delete_audit_actor_id_is_user_pk
apps/documents/tests/test_audit.py::SoftDeleteAuditTests::test_soft_delete_audit_entry_has_timestamp
apps/documents/tests/test_audit.py::SoftDeleteAuditTests::test_soft_delete_audit_has_deletion_reason
apps/documents/tests/test_audit.py::SoftDeleteAuditTests::test_soft_delete_audit_has_no_original_filename
apps/documents/tests/test_audit.py::SoftDeleteAuditTests::test_soft_delete_audit_has_no_storage_key
apps/documents/tests/test_audit.py::SoftDeleteAuditTests::test_soft_delete_resource_id_is_doc_pk
apps/documents/tests/test_audit.py::SoftDeleteAuditTests::test_soft_delete_resource_type
apps/documents/tests/test_audit.py::SoftDeleteAuditTests::test_soft_delete_system_deletion_actor_id_none
apps/documents/tests/test_audit.py::SoftDeleteAuditTests::test_soft_delete_writes_record_deleted_audit
apps/documents/tests/test_audit.py::HardDeleteAuditTests::test_hard_delete_audit_has_cleared_at
apps/documents/tests/test_audit.py::HardDeleteAuditTests::test_hard_delete_audit_no_original_filename
apps/documents/tests/test_audit.py::HardDeleteAuditTests::test_hard_delete_audit_no_storage_key_value
apps/documents/tests/test_audit.py::HardDeleteAuditTests::test_hard_delete_db_row_retained
apps/documents/tests/test_audit.py::HardDeleteAuditTests::test_hard_delete_doc_status_set_to_purged
apps/documents/tests/test_audit.py::HardDeleteAuditTests::test_hard_delete_resource_type
apps/documents/tests/test_audit.py::HardDeleteAuditTests::test_hard_delete_storage_key_cleared
apps/documents/tests/test_audit.py::HardDeleteAuditTests::test_hard_delete_writes_record_purged_audit
apps/documents/tests/test_audit.py::ApplyLegalHoldAuditTests::test_apply_legal_hold_audit_actor_is_set_by_pk
apps/documents/tests/test_audit.py::ApplyLegalHoldAuditTests::test_apply_legal_hold_audit_detail_has_legal_hold_true
apps/documents/tests/test_audit.py::ApplyLegalHoldAuditTests::test_apply_legal_hold_audit_detail_has_reason
apps/documents/tests/test_audit.py::ApplyLegalHoldAuditTests::test_apply_legal_hold_audit_no_email_in_detail
apps/documents/tests/test_audit.py::ApplyLegalHoldAuditTests::test_apply_legal_hold_writes_audit
apps/documents/tests/test_audit.py::ReleaseLegalHoldAuditTests::test_release_legal_hold_audit_actor_is_released_by_pk
apps/documents/tests/test_audit.py::ReleaseLegalHoldAuditTests::test_release_legal_hold_audit_detail_has_legal_hold_false
apps/documents/tests/test_audit.py::ReleaseLegalHoldAuditTests::test_release_legal_hold_audit_no_storage_key
apps/documents/tests/test_audit.py::ReleaseLegalHoldAuditTests::test_release_legal_hold_writes_audit
apps/documents/tests/test_audit.py::AuditLogEntryImmutabilityTests::test_audit_entry_cannot_be_deleted
apps/documents/tests/test_audit.py::AuditLogEntryImmutabilityTests::test_audit_entry_cannot_be_updated
apps/documents/tests/test_audit.py::AuditLogEntryImmutabilityTests::test_audit_entry_has_entry_hash
apps/documents/tests/test_audit.py::AuditAtomicityTests::test_apply_legal_hold_audit_and_state_commit_together
apps/documents/tests/test_audit.py::AuditAtomicityTests::test_document_state_failure_rolls_back_audit_entry
apps/documents/tests/test_audit.py::AuditAtomicityTests::test_record_event_failure_rolls_back_document_state
apps/documents/tests/test_audit.py::AuditAtomicityTests::test_soft_delete_audit_and_state_commit_together
apps/documents/tests/test_integration.py::LegalHoldDisposalIntegrationTests::test_apply_legal_hold_requires_permission
apps/documents/tests/test_integration.py::LegalHoldDisposalIntegrationTests::test_apply_legal_hold_sets_hold_fields
apps/documents/tests/test_integration.py::LegalHoldDisposalIntegrationTests::test_apply_legal_hold_twice_raises_value_error
apps/documents/tests/test_integration.py::LegalHoldDisposalIntegrationTests::test_legal_hold_blocks_hard_delete
apps/documents/tests/test_integration.py::LegalHoldDisposalIntegrationTests::test_legal_hold_blocks_soft_delete
apps/documents/tests/test_integration.py::LegalHoldDisposalIntegrationTests::test_release_legal_hold_clears_legal_hold_flag
apps/documents/tests/test_integration.py::LegalHoldDisposalIntegrationTests::test_release_legal_hold_requires_permission
apps/documents/tests/test_integration.py::LegalHoldDisposalIntegrationTests::test_release_legal_hold_when_not_held_raises_value_error
apps/documents/tests/test_integration.py::LegalHoldDisposalIntegrationTests::test_releasing_legal_hold_allows_soft_delete
apps/documents/tests/test_integration.py::LegalHoldDisposalIntegrationTests::test_soft_delete_sets_scan_status_deleted
apps/documents/tests/test_integration.py::VersionChainIntegrationTests::test_create_version_allowed_for_owner_with_upload_perm
apps/documents/tests/test_integration.py::VersionChainIntegrationTests::test_create_version_allowed_for_superuser
apps/documents/tests/test_integration.py::VersionChainIntegrationTests::test_create_version_denied_for_non_owner_without_staff_perm
apps/documents/tests/test_integration.py::VersionChainIntegrationTests::test_create_version_denied_for_owner_on_staff_only_category
apps/documents/tests/test_integration.py::VersionChainIntegrationTests::test_exactly_one_latest_version_per_chain
apps/documents/tests/test_integration.py::VersionChainIntegrationTests::test_new_version_demotes_previous_latest
apps/documents/tests/test_integration.py::VersionChainIntegrationTests::test_new_version_is_marked_latest
apps/documents/tests/test_integration.py::VersionChainIntegrationTests::test_new_version_points_to_chain_root
apps/documents/tests/test_integration.py::VersionChainIntegrationTests::test_root_document_is_none_for_v1
apps/documents/tests/test_integration.py::VersionChainIntegrationTests::test_version_number_increments
apps/documents/tests/test_integration.py::TransitoryDocumentIntegrationTests::test_mark_purpose_fulfilled_blocked_by_legal_hold
apps/documents/tests/test_integration.py::TransitoryDocumentIntegrationTests::test_mark_purpose_fulfilled_on_already_deleted_raises_value_error
apps/documents/tests/test_integration.py::TransitoryDocumentIntegrationTests::test_mark_purpose_fulfilled_on_non_transitory_raises_value_error
apps/documents/tests/test_integration.py::TransitoryDocumentIntegrationTests::test_mark_purpose_fulfilled_sets_expires_at
apps/documents/tests/test_integration.py::TransitoryDocumentIntegrationTests::test_mark_purpose_fulfilled_soft_deletes_document
apps/documents/tests/test_integration.py::TransitoryDocumentIntegrationTests::test_non_transitory_document_has_expires_at_after_schedule_expiry
apps/documents/tests/test_integration.py::TransitoryDocumentIntegrationTests::test_non_transitory_has_retain_until_after_schedule_expiry
apps/documents/tests/test_integration.py::TransitoryDocumentIntegrationTests::test_transitory_document_no_expires_at_after_schedule_expiry
apps/documents/tests/test_integration.py::TransitoryDocumentIntegrationTests::test_transitory_document_retains_retain_until_if_min_retention_nonzero
apps/documents/tests/test_integration.py::ScanStatusGateIntegrationTests::test_active_document_can_issue_token
apps/documents/tests/test_integration.py::ScanStatusGateIntegrationTests::test_deleted_document_cannot_issue_token
apps/documents/tests/test_integration.py::ScanStatusGateIntegrationTests::test_multiple_tokens_can_be_issued_for_same_active_document
apps/documents/tests/test_integration.py::ScanStatusGateIntegrationTests::test_non_owner_cannot_issue_token_for_others_document
apps/documents/tests/test_integration.py::ScanStatusGateIntegrationTests::test_pending_upload_cannot_issue_token
apps/documents/tests/test_integration.py::ScanStatusGateIntegrationTests::test_purged_document_cannot_issue_token
apps/documents/tests/test_integration.py::ScanStatusGateIntegrationTests::test_quarantined_document_cannot_issue_token
apps/documents/tests/test_integration.py::ScanStatusGateIntegrationTests::test_scanning_document_cannot_issue_token
apps/documents/tests/test_integration.py::ScanStatusGateIntegrationTests::test_token_ip_address_is_masked
apps/documents/tests/test_models.py::DocumentCategoryStrTests::test_str_not_name_en
apps/documents/tests/test_models.py::DocumentCategoryStrTests::test_str_returns_slug
apps/documents/tests/test_models.py::DocumentCategoryCleanTests::test_clean_error_message_contains_values
apps/documents/tests/test_models.py::DocumentCategoryCleanTests::test_clean_ok_when_equal
apps/documents/tests/test_models.py::DocumentCategoryCleanTests::test_clean_ok_when_min_less_than_max
apps/documents/tests/test_models.py::DocumentCategoryCleanTests::test_clean_raises_when_min_exceeds_max
apps/documents/tests/test_models.py::DocumentCategoryDefaultsTests::test_default_security_classification_is_protected_b
apps/documents/tests/test_models.py::DocumentCategoryDefaultsTests::test_is_transitory_defaults_false
apps/documents/tests/test_models.py::DocumentCategoryDefaultsTests::test_max_size_bytes_default_zero
apps/documents/tests/test_models.py::DocumentCategoryDefaultsTests::test_min_retention_days_default
apps/documents/tests/test_models.py::DocumentCategoryDefaultsTests::test_staff_only_defaults_false
apps/documents/tests/test_models.py::DocumentStrTests::test_str_contains_pk
apps/documents/tests/test_models.py::DocumentStrTests::test_str_contains_scan_status
apps/documents/tests/test_models.py::DocumentStrTests::test_str_contains_version_number
apps/documents/tests/test_models.py::DocumentStrTests::test_str_does_not_contain_original_filename
apps/documents/tests/test_models.py::DocumentStrTests::test_str_format
apps/documents/tests/test_models.py::DocumentCleanTests::test_clean_no_root_version2_raises
apps/documents/tests/test_models.py::DocumentCleanTests::test_clean_self_root_raises
apps/documents/tests/test_models.py::DocumentCleanTests::test_clean_version1_no_root_ok
apps/documents/tests/test_models.py::DocumentCleanTests::test_clean_version1_with_root_raises
apps/documents/tests/test_models.py::DocumentCleanTests::test_clean_version2_with_root_ok
apps/documents/tests/test_models.py::DocumentCleanTests::test_clean_version_number_negative_raises
apps/documents/tests/test_models.py::DocumentCleanTests::test_clean_version_number_zero_raises
apps/documents/tests/test_models.py::DocumentQuerySetActiveTests::test_active_excludes_deleted_status
apps/documents/tests/test_models.py::DocumentQuerySetActiveTests::test_active_excludes_pending_upload
apps/documents/tests/test_models.py::DocumentQuerySetActiveTests::test_active_excludes_purged
apps/documents/tests/test_models.py::DocumentQuerySetActiveTests::test_active_excludes_quarantined
apps/documents/tests/test_models.py::DocumentQuerySetActiveTests::test_active_excludes_scanning
apps/documents/tests/test_models.py::DocumentQuerySetActiveTests::test_active_excludes_soft_deleted
apps/documents/tests/test_models.py::DocumentQuerySetActiveTests::test_active_returns_active_non_deleted
apps/documents/tests/test_models.py::DocumentQuerySetLatestVersionsTests::test_latest_versions_combined_with_active
apps/documents/tests/test_models.py::DocumentQuerySetLatestVersionsTests::test_latest_versions_excludes_non_latest
apps/documents/tests/test_models.py::DocumentQuerySetLatestVersionsTests::test_latest_versions_returns_is_latest_true
apps/documents/tests/test_models.py::DocumentQuerySetPendingDisposalTests::test_pending_disposal_eligible
apps/documents/tests/test_models.py::DocumentQuerySetPendingDisposalTests::test_pending_disposal_excludes_already_deleted
apps/documents/tests/test_models.py::DocumentQuerySetPendingDisposalTests::test_pending_disposal_excludes_future_expires_at
apps/documents/tests/test_models.py::DocumentQuerySetPendingDisposalTests::test_pending_disposal_excludes_future_retain_until
apps/documents/tests/test_models.py::DocumentQuerySetPendingDisposalTests::test_pending_disposal_excludes_legal_hold
apps/documents/tests/test_models.py::DocumentQuerySetPendingDisposalTests::test_pending_disposal_excludes_null_expires_at
apps/documents/tests/test_models.py::DocumentQuerySetPendingDisposalTests::test_pending_disposal_excludes_null_retain_until
apps/documents/tests/test_models.py::DocumentQuerySetPendingHardDeleteTests::test_pending_hard_delete_custom_grace_days
apps/documents/tests/test_models.py::DocumentQuerySetPendingHardDeleteTests::test_pending_hard_delete_eligible
apps/documents/tests/test_models.py::DocumentQuerySetPendingHardDeleteTests::test_pending_hard_delete_excludes_active_status
apps/documents/tests/test_models.py::DocumentQuerySetPendingHardDeleteTests::test_pending_hard_delete_excludes_legal_hold
apps/documents/tests/test_models.py::DocumentQuerySetPendingHardDeleteTests::test_pending_hard_delete_excludes_null_deleted_at
apps/documents/tests/test_models.py::DocumentQuerySetPendingHardDeleteTests::test_pending_hard_delete_excludes_purged
apps/documents/tests/test_models.py::DocumentQuerySetPendingHardDeleteTests::test_pending_hard_delete_excludes_within_grace
apps/documents/tests/test_models.py::DocumentPropertyTests::test_is_deleted_false_when_no_deleted_at
apps/documents/tests/test_models.py::DocumentPropertyTests::test_is_deleted_true_when_deleted_at_set
apps/documents/tests/test_models.py::DocumentPropertyTests::test_storage_key_format
apps/documents/tests/test_models.py::DocumentPropertyTests::test_storage_key_is_not_empty
apps/documents/tests/test_models.py::DocumentPropertyTests::test_storage_key_property_returns_storage_key_field
apps/documents/tests/test_models.py::DocumentAccessTokenTests::test_generate_token_is_hex_string
apps/documents/tests/test_models.py::DocumentAccessTokenTests::test_generate_token_returns_64_chars
apps/documents/tests/test_models.py::DocumentAccessTokenTests::test_generate_token_unique
apps/documents/tests/test_models.py::DocumentAccessTokenTests::test_is_valid_false_when_expired
apps/documents/tests/test_models.py::DocumentAccessTokenTests::test_is_valid_false_when_used
apps/documents/tests/test_models.py::DocumentAccessTokenTests::test_is_valid_false_when_used_and_expired
apps/documents/tests/test_models.py::DocumentAccessTokenTests::test_is_valid_true_when_unused_not_expired
apps/documents/tests/test_models.py::DocumentAccessTokenTests::test_str_contains_doc_id
apps/documents/tests/test_models.py::DocumentAccessTokenTests::test_str_contains_pk
apps/documents/tests/test_models.py::DocumentAccessTokenTests::test_token_uniqueness_db_constraint
apps/documents/tests/test_models.py::DocumentAttachmentStrTests::test_str_contains_document_pk
apps/documents/tests/test_models.py::DocumentAttachmentStrTests::test_str_contains_object_id
apps/documents/tests/test_models.py::DocumentAttachmentStrTests::test_str_format
apps/documents/tests/test_models.py::ScanStatusChoicesTests::test_all_statuses_exist
apps/documents/tests/test_models.py::ScanStatusChoicesTests::test_purged_is_terminal
apps/documents/tests/test_models.py::SecurityClassificationTests::test_document_inherits_category_classification
apps/documents/tests/test_models.py::SecurityClassificationTests::test_three_levels_exist
apps/documents/tests/test_pipeda.py::IDORPreventionTests::test_anon_user_gets_404
apps/documents/tests/test_pipeda.py::IDORPreventionTests::test_citizen_gets_404_for_non_owned_document
apps/documents/tests/test_pipeda.py::IDORPreventionTests::test_idor_returns_404_not_403_via_api
apps/documents/tests/test_pipeda.py::IDORPreventionTests::test_not_403_for_non_owned_document
apps/documents/tests/test_pipeda.py::IDORPreventionTests::test_owner_can_get_token
apps/documents/tests/test_pipeda.py::IDORPreventionTests::test_wrong_token_issuer_gets_404
apps/documents/tests/test_pipeda.py::ScanGateTests::test_active_is_downloadable
apps/documents/tests/test_pipeda.py::ScanGateTests::test_deleted_not_downloadable
apps/documents/tests/test_pipeda.py::ScanGateTests::test_pending_upload_not_downloadable
apps/documents/tests/test_pipeda.py::ScanGateTests::test_purged_not_downloadable
apps/documents/tests/test_pipeda.py::ScanGateTests::test_quarantined_not_downloadable
apps/documents/tests/test_pipeda.py::ScanGateTests::test_scan_pending_blocks_download_via_api
apps/documents/tests/test_pipeda.py::ScanGateTests::test_scanning_not_downloadable
apps/documents/tests/test_pipeda.py::ScanGateTests::test_soft_deleted_not_downloadable
apps/documents/tests/test_pipeda.py::StorageKeyLeakageTests::test_access_token_object_no_storage_key_field
apps/documents/tests/test_pipeda.py::StorageKeyLeakageTests::test_hard_delete_audit_no_storage_key_value
apps/documents/tests/test_pipeda.py::StorageKeyLeakageTests::test_issue_access_token_audit_no_storage_key
apps/documents/tests/test_pipeda.py::StorageKeyLeakageTests::test_soft_delete_audit_no_storage_key
apps/documents/tests/test_pipeda.py::StorageKeyLeakageTests::test_storage_key_never_in_api_response
apps/documents/tests/test_pipeda.py::LegalHoldAbsoluteBlockTests::test_legal_hold_blocks_hard_delete
apps/documents/tests/test_pipeda.py::LegalHoldAbsoluteBlockTests::test_legal_hold_blocks_hard_delete_even_after_grace_period
apps/documents/tests/test_pipeda.py::LegalHoldAbsoluteBlockTests::test_legal_hold_prevents_soft_delete_automated
apps/documents/tests/test_pipeda.py::LegalHoldAbsoluteBlockTests::test_release_hold_then_hard_delete_succeeds
apps/documents/tests/test_pipeda.py::QuarantineSignalPIITests::test_quarantine_signal_excludes_original_filename
apps/documents/tests/test_pipeda.py::QuarantineSignalPIITests::test_quarantine_signal_kwargs_contain_no_uploader_pii
apps/documents/tests/test_pipeda.py::OriginalFilenameAuditTests::test_issue_token_no_filename_in_audit
apps/documents/tests/test_pipeda.py::OriginalFilenameAuditTests::test_soft_delete_no_filename_in_audit
apps/documents/tests/test_pipeda.py::IPMaskingTests::test_empty_string_returns_none
apps/documents/tests/test_pipeda.py::IPMaskingTests::test_ipv4_all_octets
apps/documents/tests/test_pipeda.py::IPMaskingTests::test_ipv4_last_octet_255
apps/documents/tests/test_pipeda.py::IPMaskingTests::test_ipv4_last_octet_zeroed
apps/documents/tests/test_pipeda.py::IPMaskingTests::test_ipv6_full_mask
apps/documents/tests/test_pipeda.py::IPMaskingTests::test_ipv6_prefix_retained
apps/documents/tests/test_pipeda.py::IPMaskingTests::test_masked_ip_stored_in_token
apps/documents/tests/test_pipeda.py::IPMaskingTests::test_none_ip_returns_none
apps/documents/tests/test_pipeda.py::IPMaskingTests::test_raw_ip_not_stored_in_token
apps/documents/tests/test_pipeda.py::IPMaskingTests::test_unparseable_ip_returns_none
apps/documents/tests/test_pipeda.py::StaffIDORBypassTests::test_coordinator_can_download_non_owned_document
apps/documents/tests/test_pipeda.py::StaffIDORBypassTests::test_staff_without_permission_gets_404
apps/documents/tests/test_pipeda.py::StaffIDORBypassTests::test_superuser_can_download_any_document
apps/documents/tests/test_pipeda.py::AccessTokenSecurityTests::test_expired_token_raises_token_expired_error
apps/documents/tests/test_pipeda.py::AccessTokenSecurityTests::test_nonexistent_token_raises_404
apps/documents/tests/test_pipeda.py::AccessTokenSecurityTests::test_token_64_chars
apps/documents/tests/test_pipeda.py::AccessTokenSecurityTests::test_token_bound_to_issuer
apps/documents/tests/test_pipeda.py::AccessTokenSecurityTests::test_token_is_single_use
apps/documents/tests/test_pipeda.py::RecordEventAtomicityTests::test_audit_entry_actor_id_is_user_pk_string
apps/documents/tests/test_pipeda.py::RecordEventAtomicityTests::test_audit_entry_event_detail_no_user_email
apps/documents/tests/test_pipeda.py::RecordEventAtomicityTests::test_audit_entry_written_for_every_token_issuance
apps/documents/tests/test_pipeda.py::RecordEventAtomicityTests::test_audit_entry_written_on_token_consumption
apps/documents/tests/test_presign_kms_and_clamav_settings.py::PresignedPostKmsResolutionTests::test_kms_fields_and_conditions_stay_in_sync
apps/documents/tests/test_presign_kms_and_clamav_settings.py::PresignedPostKmsResolutionTests::test_kms_key_is_read_from_top_level_aws_s3_object_parameters
apps/documents/tests/test_presign_kms_and_clamav_settings.py::PresignedPostKmsResolutionTests::test_kms_key_is_still_read_from_storages_options
apps/documents/tests/test_presign_kms_and_clamav_settings.py::PresignedPostKmsResolutionTests::test_no_kms_fields_when_no_key_is_configured
apps/documents/tests/test_presign_kms_and_clamav_settings.py::ClamavTimeoutSettingTests::test_clamav_timeout_is_defined_in_base_settings
apps/documents/tests/test_presign_kms_and_clamav_settings.py::ClamavTimeoutSettingTests::test_configured_timeout_is_passed_to_the_clamd_socket
apps/documents/tests/test_presign_kms_and_clamav_settings.py::ClamavUploadCapCoherenceTests::test_compose_files_configure_stream_max_length
apps/documents/tests/test_presign_kms_and_clamav_settings.py::ClamavUploadCapCoherenceTests::test_staff_upload_cap_is_below_clamav_stream_max_length
apps/documents/tests/test_scan_audit_and_promotion.py::ScanOutcomeAuditTests::test_audit_chain_remains_verifiable_after_scan_outcomes
apps/documents/tests/test_scan_audit_and_promotion.py::ScanOutcomeAuditTests::test_clean_scan_audit_entry_shape_and_privacy
apps/documents/tests/test_scan_audit_and_promotion.py::ScanOutcomeAuditTests::test_clean_scan_does_not_write_a_threat_detected_entry
apps/documents/tests/test_scan_audit_and_promotion.py::ScanOutcomeAuditTests::test_clean_scan_writes_status_changed_audit_entry
apps/documents/tests/test_scan_audit_and_promotion.py::ScanOutcomeAuditTests::test_idempotent_rerun_does_not_duplicate_the_audit_entry
apps/documents/tests/test_scan_audit_and_promotion.py::ScanOutcomeAuditTests::test_retry_exhaustion_quarantine_writes_threat_detected_entry
apps/documents/tests/test_scan_audit_and_promotion.py::ScanOutcomeAuditTests::test_storage_read_failure_also_writes_threat_detected_entry
apps/documents/tests/test_scan_audit_and_promotion.py::ScanOutcomeAuditTests::test_threat_detected_entry_carries_no_pii
apps/documents/tests/test_scan_audit_and_promotion.py::ScanOutcomeAuditTests::test_threat_detected_entry_has_minimal_event_detail_shape
apps/documents/tests/test_scan_audit_and_promotion.py::ScanOutcomeAuditTests::test_threat_detected_entry_records_failure_outcome
apps/documents/tests/test_scan_audit_and_promotion.py::ScanOutcomeAuditTests::test_threat_detection_writes_threat_detected_audit_entry
apps/documents/tests/test_scan_audit_and_promotion.py::QuarantinePromotionTests::test_clean_scan_promotes_storage_key_to_active_prefix
apps/documents/tests/test_scan_audit_and_promotion.py::QuarantinePromotionTests::test_dev_bypass_does_not_promote
apps/documents/tests/test_scan_audit_and_promotion.py::QuarantinePromotionTests::test_object_is_gone_from_the_old_quarantine_location
apps/documents/tests/test_scan_audit_and_promotion.py::QuarantinePromotionTests::test_object_is_reachable_at_the_new_location
apps/documents/tests/test_scan_audit_and_promotion.py::QuarantinePromotionTests::test_promoted_key_preserves_the_document_and_file_uuids
apps/documents/tests/test_scan_audit_and_promotion.py::QuarantinePromotionTests::test_promotion_is_skipped_when_no_object_exists
apps/documents/tests/test_scan_audit_and_promotion.py::QuarantinePromotionTests::test_quarantine_copy_survives_until_the_transaction_commits
apps/documents/tests/test_scan_audit_and_promotion.py::QuarantinePromotionTests::test_quarantined_document_is_not_promoted
apps/documents/tests/test_scan_audit_and_promotion.py::PromotionFailureTests::test_failed_promotion_leaves_document_in_scanning
apps/documents/tests/test_scan_audit_and_promotion.py::PromotionFailureTests::test_failed_promotion_leaves_storage_key_untouched
apps/documents/tests/test_scan_audit_and_promotion.py::PromotionFailureTests::test_failed_promotion_retries_the_task
apps/documents/tests/test_scan_audit_and_promotion.py::PromotionFailureTests::test_failed_promotion_writes_no_clean_scan_audit_entry
apps/documents/tests/test_scan_audit_and_promotion.py::PromotionHelperUnitTests::test_copies_the_object_and_returns_the_new_key
apps/documents/tests/test_scan_audit_and_promotion.py::PromotionHelperUnitTests::test_returns_none_for_a_key_already_under_the_active_prefix
apps/documents/tests/test_scan_audit_and_promotion.py::PromotionHelperUnitTests::test_returns_none_for_an_empty_key
apps/documents/tests/test_scan_audit_and_promotion.py::PromotionHelperUnitTests::test_returns_none_when_the_source_object_is_missing
apps/documents/tests/test_scan_audit_and_promotion.py::PromotionHelperUnitTests::test_wraps_unexpected_storage_errors_in_storage_promotion_error
apps/documents/tests/test_services_retention.py::ScheduleExpiryNonTransitoryTests::test_equal_min_max_retention
apps/documents/tests/test_services_retention.py::ScheduleExpiryNonTransitoryTests::test_expires_at_is_after_retain_until
apps/documents/tests/test_services_retention.py::ScheduleExpiryNonTransitoryTests::test_expires_at_set_to_created_at_plus_max_retention
apps/documents/tests/test_services_retention.py::ScheduleExpiryNonTransitoryTests::test_privacy_act_minimum_730_days
apps/documents/tests/test_services_retention.py::ScheduleExpiryNonTransitoryTests::test_retain_until_set_to_created_at_plus_min_retention_as_date
apps/documents/tests/test_services_retention.py::ScheduleExpiryNonTransitoryTests::test_seven_year_category
apps/documents/tests/test_services_retention.py::ScheduleExpiryNonTransitoryTests::test_short_max_retention
apps/documents/tests/test_services_retention.py::ScheduleExpiryTransitoryTests::test_transitory_doc_not_in_pending_disposal_immediately
apps/documents/tests/test_services_retention.py::ScheduleExpiryTransitoryTests::test_transitory_expires_at_is_none
apps/documents/tests/test_services_retention.py::ScheduleExpiryTransitoryTests::test_transitory_retain_until_set_if_min_positive
apps/documents/tests/test_services_retention.py::ScheduleExpiryTransitoryTests::test_transitory_zero_min_retention_both_none
apps/documents/tests/test_services_retention.py::ScheduleExpiryZeroRetentionTests::test_zero_max_retention_non_transitory_expires_at_none
apps/documents/tests/test_services_retention.py::ScheduleExpiryZeroRetentionTests::test_zero_min_retention_retain_until_is_none
apps/documents/tests/test_services_retention.py::ScheduleExpiryPersistenceTests::test_expires_at_saved_to_db
apps/documents/tests/test_services_retention.py::ScheduleExpiryPersistenceTests::test_idempotent_second_call
apps/documents/tests/test_services_retention.py::ScheduleExpiryPersistenceTests::test_retain_until_saved_to_db
apps/documents/tests/test_services_retention.py::ScheduleExpiryPersistenceTests::test_save_uses_update_fields
apps/documents/tests/test_services_retention.py::ScheduleExpiryPersistenceTests::test_schedule_expiry_only_touches_retention_fields
apps/documents/tests/test_services_retention.py::ScheduleExpiryPendingDisposalIntegrationTests::test_backdate_expires_at_and_retain_until_appears_in_pending
apps/documents/tests/test_services_retention.py::ScheduleExpiryPendingDisposalIntegrationTests::test_fresh_document_not_in_pending_disposal
apps/documents/tests/test_services_retention.py::ScheduleExpiryPendingDisposalIntegrationTests::test_legal_hold_blocks_pending_disposal
apps/documents/tests/test_services_retention.py::ScheduleExpiryPendingDisposalIntegrationTests::test_only_expires_at_past_not_in_pending_disposal
apps/documents/tests/test_services_upload.py::MakeStorageKeyTests::test_default_prefix_is_quarantine
apps/documents/tests/test_services_upload.py::MakeStorageKeyTests::test_invalid_prefix_raises
apps/documents/tests/test_services_upload.py::MakeStorageKeyTests::test_invalid_prefix_tmp_raises
apps/documents/tests/test_services_upload.py::MakeStorageKeyTests::test_keys_are_unique
apps/documents/tests/test_services_upload.py::MakeStorageKeyTests::test_no_original_filename_in_key
apps/documents/tests/test_services_upload.py::MakeStorageKeyTests::test_valid_prefix_active
apps/documents/tests/test_services_upload.py::MakeStorageKeyTests::test_valid_prefix_deleted
apps/documents/tests/test_services_upload.py::MakeStorageKeyTests::test_valid_prefix_quarantine
apps/documents/tests/test_services_upload.py::ValidateMagicBytesTests::test_allowed_mime_passes_and_returns_detected_mime
apps/documents/tests/test_services_upload.py::ValidateMagicBytesTests::test_disallowed_mime_raises
apps/documents/tests/test_services_upload.py::ValidateMagicBytesTests::test_magic_error_raises
apps/documents/tests/test_services_upload.py::ValidateMagicBytesTests::test_magic_not_installed_dev_skip
apps/documents/tests/test_services_upload.py::ValidateMagicBytesTests::test_magic_not_installed_required_raises_improperly_configured
apps/documents/tests/test_services_upload.py::CheckZipBombTests::test_clean_zip_passes
apps/documents/tests/test_services_upload.py::CheckZipBombTests::test_high_compression_ratio_raises
apps/documents/tests/test_services_upload.py::CheckZipBombTests::test_invalid_zip_raises
apps/documents/tests/test_services_upload.py::CheckZipBombTests::test_too_many_entries_raises
apps/documents/tests/test_services_upload.py::CheckZipBombTests::test_truncated_zip_raises
apps/documents/tests/test_services_upload.py::ValidateUploadRequestTests::test_anonymous_user_raises_permission_denied
apps/documents/tests/test_services_upload.py::ValidateUploadRequestTests::test_case_insensitive_extension_accepted
apps/documents/tests/test_services_upload.py::ValidateUploadRequestTests::test_category_allowed_mime_types_accepts_its_type
apps/documents/tests/test_services_upload.py::ValidateUploadRequestTests::test_category_allowed_mime_types_overrides_global
apps/documents/tests/test_services_upload.py::ValidateUploadRequestTests::test_category_max_size_bytes_override
apps/documents/tests/test_services_upload.py::ValidateUploadRequestTests::test_category_not_found_raises_does_not_exist
apps/documents/tests/test_services_upload.py::ValidateUploadRequestTests::test_doc_category_set_correctly
apps/documents/tests/test_services_upload.py::ValidateUploadRequestTests::test_doc_created_in_pending_upload_state
apps/documents/tests/test_services_upload.py::ValidateUploadRequestTests::test_doc_original_filename_stored
apps/documents/tests/test_services_upload.py::ValidateUploadRequestTests::test_doc_uploader_set
apps/documents/tests/test_services_upload.py::ValidateUploadRequestTests::test_double_extension_uses_last
apps/documents/tests/test_services_upload.py::ValidateUploadRequestTests::test_empty_allowed_mimes_raises_improperly_configured
apps/documents/tests/test_services_upload.py::ValidateUploadRequestTests::test_executable_extension_rejected
apps/documents/tests/test_services_upload.py::ValidateUploadRequestTests::test_happy_path_returns_expected_keys
apps/documents/tests/test_services_upload.py::ValidateUploadRequestTests::test_invalid_extension_raises
apps/documents/tests/test_services_upload.py::ValidateUploadRequestTests::test_invalid_mime_type_raises
apps/documents/tests/test_services_upload.py::ValidateUploadRequestTests::test_missing_extension_raises
apps/documents/tests/test_services_upload.py::ValidateUploadRequestTests::test_no_document_created_on_empty_mime_error
apps/documents/tests/test_services_upload.py::ValidateUploadRequestTests::test_no_document_created_on_extension_error
apps/documents/tests/test_services_upload.py::ValidateUploadRequestTests::test_no_document_created_on_mime_error
apps/documents/tests/test_services_upload.py::ValidateUploadRequestTests::test_schedule_expiry_called
apps/documents/tests/test_services_upload.py::ValidateUploadRequestTests::test_security_classification_inherited_from_category
apps/documents/tests/test_services_upload.py::ValidateUploadRequestTests::test_signal_fired_with_correct_kwargs
apps/documents/tests/test_services_upload.py::ValidateUploadRequestTests::test_size_exactly_at_citizen_cap_passes
apps/documents/tests/test_services_upload.py::ValidateUploadRequestTests::test_size_exceeds_citizen_cap_raises
apps/documents/tests/test_services_upload.py::ValidateUploadRequestTests::test_size_exceeds_staff_cap_raises
apps/documents/tests/test_services_upload.py::ValidateUploadRequestTests::test_size_negative_raises
apps/documents/tests/test_services_upload.py::ValidateUploadRequestTests::test_size_one_byte_over_citizen_cap_fails
apps/documents/tests/test_services_upload.py::ValidateUploadRequestTests::test_size_zero_raises
apps/documents/tests/test_services_upload.py::ValidateUploadRequestTests::test_storage_key_never_in_response
apps/documents/tests/test_services_upload.py::ValidateUploadRequestTests::test_superuser_may_upload_to_any_category
apps/documents/tests/test_services_upload.py::ValidateUploadRequestTests::test_zip_extension_rejected
apps/documents/tests/test_services_upload.py::StaffOnlyCategoryTests::test_citizen_allowed_to_public_category
apps/documents/tests/test_services_upload.py::StaffOnlyCategoryTests::test_citizen_blocked_from_staff_only_category
apps/documents/tests/test_services_upload.py::StaffOnlyCategoryTests::test_staff_with_upload_staff_document_perm_allowed
apps/documents/tests/test_services_upload.py::StaffOnlyCategoryTests::test_superuser_allowed_to_staff_only_category
apps/documents/tests/test_services_upload.py::StaffOnlyCategoryTests::test_user_with_only_upload_document_perm_blocked_from_staff_only
apps/documents/tests/test_services_upload.py::CitizenCapPassedToS3Tests::test_category_override_takes_precedence_for_all_users
apps/documents/tests/test_services_upload.py::CitizenCapPassedToS3Tests::test_citizen_max_size_passed_to_presigned_post
apps/documents/tests/test_services_upload.py::CitizenCapPassedToS3Tests::test_staff_max_size_passed_to_presigned_post
apps/documents/tests/test_services_upload.py::LocalFilePathContainmentTests::test_read_full_local_file_rejects_traversal
apps/documents/tests/test_services_upload.py::LocalFilePathContainmentTests::test_read_local_first_bytes_rejects_traversal
apps/documents/tests/test_services_upload.py::LocalFilePathContainmentTests::test_verify_local_file_exists_rejects_absolute_path
apps/documents/tests/test_services_upload.py::LocalFilePathContainmentTests::test_verify_local_file_exists_rejects_traversal
apps/documents/tests/test_services_upload.py::AppsReadyImportErrorTests::test_ready_does_not_raise_if_receivers_absent
apps/documents/tests/test_services_upload.py::AppsReadyImportErrorTests::test_ready_raises_if_receivers_exists_but_broken
apps/documents/tests/test_services_versioning.py::SQLiteGuardTest::test_soft_delete_guard_fires_before_sqlite_guard
apps/documents/tests/test_services_versioning.py::SQLiteGuardTest::test_sqlite_guard_fires_before_permission_check
apps/documents/tests/test_services_versioning.py::SQLiteGuardTest::test_sqlite_raises_improperly_configured
apps/documents/tests/test_services_versioning.py::UserMayVersionTest::test_anonymous_user_denied
apps/documents/tests/test_services_versioning.py::UserMayVersionTest::test_no_permissions_no_owner_denied
apps/documents/tests/test_services_versioning.py::UserMayVersionTest::test_non_owner_with_upload_perm_denied
apps/documents/tests/test_services_versioning.py::UserMayVersionTest::test_owner_staff_only_category_denied
apps/documents/tests/test_services_versioning.py::UserMayVersionTest::test_owner_with_upload_perm_allowed
apps/documents/tests/test_services_versioning.py::UserMayVersionTest::test_owner_without_upload_perm_denied
apps/documents/tests/test_services_versioning.py::UserMayVersionTest::test_staff_upload_document_perm_allowed
apps/documents/tests/test_services_versioning.py::UserMayVersionTest::test_superuser_allowed
apps/documents/tests/test_services_versioning.py::UserMayVersionTest::test_superuser_allowed_for_other_owners_document
apps/documents/tests/test_services_versioning.py::CreateNewVersionValidationTest::test_deleted_chain_raises_validation_error
apps/documents/tests/test_services_versioning.py::CreateNewVersionValidationTest::test_disallowed_extension_raises_validation_error
apps/documents/tests/test_services_versioning.py::CreateNewVersionValidationTest::test_disallowed_mime_raises_validation_error
apps/documents/tests/test_services_versioning.py::CreateNewVersionValidationTest::test_negative_size_raises_validation_error
apps/documents/tests/test_services_versioning.py::CreateNewVersionValidationTest::test_permission_denied_for_non_owner
apps/documents/tests/test_services_versioning.py::CreateNewVersionValidationTest::test_size_zero_raises_validation_error
apps/documents/tests/test_services_versioning.py::CreateNewVersionReturnContractTest::test_audit_event_detail_excludes_original_filename_in_source
apps/documents/tests/test_services_versioning.py::CreateNewVersionReturnContractTest::test_function_source_excludes_storage_key_from_return
apps/documents/tests/test_services_versioning.py::CreateNewVersionReturnContractTest::test_return_dict_has_no_storage_key
apps/documents/tests/test_signals.py::SignalDeclarationTests::test_all_signals_are_django_signal_instances
apps/documents/tests/test_signals.py::SignalDeclarationTests::test_no_extra_signals_exported
apps/documents/tests/test_signals.py::SoftDeletedSignalTests::test_soft_delete_fires_signal
apps/documents/tests/test_signals.py::SoftDeletedSignalTests::test_soft_delete_signal_document_pk_is_str
apps/documents/tests/test_signals.py::SoftDeletedSignalTests::test_soft_delete_signal_has_deleted_by_id
apps/documents/tests/test_signals.py::SoftDeletedSignalTests::test_soft_delete_signal_no_original_filename
apps/documents/tests/test_signals.py::SoftDeletedSignalTests::test_soft_delete_signal_no_storage_key
apps/documents/tests/test_signals.py::SoftDeletedSignalTests::test_soft_delete_signal_not_fired_before_commit
apps/documents/tests/test_signals.py::SoftDeletedSignalTests::test_soft_delete_signal_system_deletion_deleted_by_id_none
apps/documents/tests/test_signals.py::HardDeletedSignalTests::test_hard_delete_fires_signal
apps/documents/tests/test_signals.py::HardDeletedSignalTests::test_hard_delete_signal_document_pk_is_str
apps/documents/tests/test_signals.py::HardDeletedSignalTests::test_hard_delete_signal_has_category_slug
apps/documents/tests/test_signals.py::HardDeletedSignalTests::test_hard_delete_signal_no_original_filename
apps/documents/tests/test_signals.py::HardDeletedSignalTests::test_hard_delete_signal_no_storage_key
apps/documents/tests/test_signals.py::LegalHoldChangedSignalTests::test_apply_legal_hold_fires_signal
apps/documents/tests/test_signals.py::LegalHoldChangedSignalTests::test_apply_legal_hold_signal_document_pk_str
apps/documents/tests/test_signals.py::LegalHoldChangedSignalTests::test_apply_legal_hold_signal_legal_hold_true
apps/documents/tests/test_signals.py::LegalHoldChangedSignalTests::test_apply_legal_hold_signal_set_by_id
apps/documents/tests/test_signals.py::LegalHoldChangedSignalTests::test_legal_hold_signal_no_email_in_kwargs
apps/documents/tests/test_signals.py::LegalHoldChangedSignalTests::test_legal_hold_signal_no_storage_key
apps/documents/tests/test_signals.py::LegalHoldChangedSignalTests::test_release_legal_hold_fires_signal
apps/documents/tests/test_signals.py::LegalHoldChangedSignalTests::test_release_legal_hold_signal_legal_hold_false
apps/documents/tests/test_signals.py::QuarantineSignalPIITests::test_document_quarantined_signal_exists
apps/documents/tests/test_signals.py::QuarantineSignalPIITests::test_quarantined_signal_kwargs_documented_correctly
apps/documents/tests/test_signals.py::QuarantineSignalPIITests::test_quarantined_signal_no_pii_from_real_dispatch_site
apps/documents/tests/test_signals.py::UploadInitiatedSignalContractTests::test_upload_initiated_kwarg_contract
apps/documents/tests/test_signals.py::UploadInitiatedSignalContractTests::test_upload_initiated_signal_exists
apps/documents/tests/test_signals.py::DocumentConfirmedSignalContractTests::test_document_confirmed_kwarg_contract
apps/documents/tests/test_signals.py::VersionCreatedSignalContractTests::test_version_created_kwarg_contract
apps/documents/tests/test_signals.py::ScanCleanSignalContractTests::test_scan_clean_kwarg_contract
apps/documents/tests/test_signals.py::SendRobustTests::test_faulty_signal_handler_does_not_propagate
apps/documents/tests/test_tasks.py::ScanDocumentDevBypassTests::test_dev_bypass_fires_document_scan_clean_signal
apps/documents/tests/test_tasks.py::ScanDocumentDevBypassTests::test_dev_bypass_marks_document_active
apps/documents/tests/test_tasks.py::ScanDocumentDevBypassTests::test_dev_bypass_raises_in_production
apps/documents/tests/test_tasks.py::ScanDocumentDevBypassTests::test_dev_bypass_sets_scan_completed_at
apps/documents/tests/test_tasks.py::ScanDocumentDevBypassTests::test_dev_bypass_sets_scan_engine_result_to_dev_bypass
apps/documents/tests/test_tasks.py::ScanDocumentDevBypassTests::test_dev_bypass_signal_no_uploader_pii
apps/documents/tests/test_tasks.py::ScanDocumentDevBypassTests::test_document_not_found_triggers_retry
apps/documents/tests/test_tasks.py::ScanDocumentDevBypassTests::test_idempotent_already_active
apps/documents/tests/test_tasks.py::ScanDocumentDevBypassTests::test_idempotent_already_deleted
apps/documents/tests/test_tasks.py::ScanDocumentDevBypassTests::test_idempotent_already_quarantined
apps/documents/tests/test_tasks.py::ScanDocumentDevBypassTests::test_idempotent_does_not_fire_signal_when_already_active
apps/documents/tests/test_tasks.py::ScanDocumentProdTests::test_clamav_connection_error_triggers_retry_not_active
apps/documents/tests/test_tasks.py::ScanDocumentProdTests::test_clamav_path_does_not_use_dev_bypass
apps/documents/tests/test_tasks.py::ScanDocumentProdTests::test_clean_clamav_scan_marks_document_active
apps/documents/tests/test_tasks.py::ScanDocumentProdTests::test_infected_clamav_scan_marks_document_quarantined
apps/documents/tests/test_tasks.py::CleanupStalePendingUploadsTests::test_deletes_stale_pending_upload_rows
apps/documents/tests/test_tasks.py::CleanupStalePendingUploadsTests::test_keeps_active_documents_regardless_of_age
apps/documents/tests/test_tasks.py::CleanupStalePendingUploadsTests::test_keeps_quarantined_documents
apps/documents/tests/test_tasks.py::CleanupStalePendingUploadsTests::test_keeps_recent_pending_upload_rows
apps/documents/tests/test_tasks.py::CleanupStalePendingUploadsTests::test_keeps_scanning_documents_regardless_of_age
apps/documents/tests/test_tasks.py::CleanupStalePendingUploadsTests::test_mixed_stale_and_recent
apps/documents/tests/test_tasks.py::CleanupStalePendingUploadsTests::test_respects_custom_ttl_setting
apps/documents/tests/test_tasks.py::CleanupStalePendingUploadsTests::test_returns_count_of_deleted_rows
apps/documents/tests/test_tasks.py::CleanupStalePendingUploadsTests::test_returns_zero_when_nothing_to_clean
apps/documents/tests/test_tasks.py::CleanupStalePendingUploadsStorageTests::test_blank_storage_key_skips_storage_delete
apps/documents/tests/test_tasks.py::CleanupStalePendingUploadsStorageTests::test_deletes_storage_object_for_stale_pending_upload
apps/documents/tests/test_tasks.py::CleanupStalePendingUploadsStorageTests::test_missing_storage_object_does_not_block_db_cleanup
apps/documents/tests/test_tasks.py::CleanupStalePendingUploadsStorageTests::test_recent_pending_upload_storage_object_is_untouched
apps/documents/tests/test_tasks.py::CleanupStalePendingUploadsStorageTests::test_s3_backend_batch_deletes_orphaned_objects
apps/documents/tests/test_tasks.py::CleanupStalePendingUploadsStorageTests::test_s3_client_error_does_not_block_db_cleanup
apps/documents/tests/test_tasks.py::CleanupStalePendingUploadsStorageTests::test_storage_error_does_not_block_db_cleanup
apps/documents/tests/test_tasks.py::TaskDecoratorPropertyTests::test_cleanup_stale_pending_uploads_acks_late
apps/documents/tests/test_tasks.py::TaskDecoratorPropertyTests::test_cleanup_stale_pending_uploads_reject_on_worker_lost
apps/documents/tests/test_tasks.py::TaskDecoratorPropertyTests::test_scan_document_acks_late
apps/documents/tests/test_tasks.py::TaskDecoratorPropertyTests::test_scan_document_reject_on_worker_lost
apps/documents/tests/test_tasks.py::QuarantineOnScanFailureTests::test_on_failure_empty_args_and_kwargs_does_not_call_quarantine
apps/documents/tests/test_tasks.py::QuarantineOnScanFailureTests::test_on_failure_extracts_doc_pk_from_kwargs
apps/documents/tests/test_tasks.py::QuarantineOnScanFailureTests::test_on_failure_extracts_doc_pk_from_positional_args
apps/documents/tests/test_tasks.py::QuarantineOnScanFailureTests::test_quarantine_doc_not_found_does_not_raise
apps/documents/tests/test_tasks.py::QuarantineOnScanFailureTests::test_quarantine_fires_document_quarantined_signal
apps/documents/tests/test_tasks.py::QuarantineOnScanFailureTests::test_quarantine_idempotent_if_not_scanning
apps/documents/tests/test_tasks.py::QuarantineOnScanFailureTests::test_quarantine_sets_scan_completed_at
apps/documents/tests/test_tasks.py::QuarantineOnScanFailureTests::test_quarantine_sets_scan_engine_result_from_exception_type
apps/documents/tests/test_tasks.py::QuarantineOnScanFailureTests::test_quarantine_transitions_scanning_to_quarantined
apps/documents/tests/test_upload_content_gating.py::CheckPdfEncryptionRealBytesTests::test_clean_unencrypted_pdf_is_accepted
apps/documents/tests/test_upload_content_gating.py::CheckPdfEncryptionRealBytesTests::test_corrupted_pdf_is_rejected_as_unreadable
apps/documents/tests/test_upload_content_gating.py::CheckPdfEncryptionRealBytesTests::test_encrypted_pdf_without_user_password_is_rejected
apps/documents/tests/test_upload_content_gating.py::CheckPdfEncryptionRealBytesTests::test_fallback_heuristic_used_when_pikepdf_absent
apps/documents/tests/test_upload_content_gating.py::CheckPdfEncryptionRealBytesTests::test_password_protected_pdf_is_rejected_not_500
apps/documents/tests/test_upload_content_gating.py::CheckPdfEncryptionRealBytesTests::test_pikepdf_encryption_attribute_is_truthy_even_when_clean
apps/documents/tests/test_upload_content_gating.py::ConfirmUploadDetectedMimeGatingTests::test_clean_pdf_uploaded_as_pdf_is_accepted
apps/documents/tests/test_upload_content_gating.py::ConfirmUploadDetectedMimeGatingTests::test_encrypted_pdf_disguised_as_csv_is_rejected
apps/documents/tests/test_upload_content_gating.py::ConfirmUploadDetectedMimeGatingTests::test_extension_fallback_when_magic_bytes_bypassed
apps/documents/tests/test_upload_content_gating.py::ConfirmUploadDetectedMimeGatingTests::test_gating_uses_detected_mime_not_extension
apps/documents/tests/test_upload_content_gating.py::ConfirmUploadDetectedMimeGatingTests::test_legitimate_docx_uploaded_as_docx_is_accepted
apps/documents/tests/test_upload_content_gating.py::ConfirmUploadDetectedMimeGatingTests::test_password_protected_pdf_disguised_as_csv_is_rejected
apps/documents/tests/test_upload_content_gating.py::ConfirmUploadDetectedMimeGatingTests::test_plain_csv_is_accepted_and_runs_no_container_checks
apps/documents/tests/test_upload_content_gating.py::ConfirmUploadDetectedMimeGatingTests::test_zip_bomb_declared_as_docx_is_still_rejected
apps/documents/tests/test_upload_content_gating.py::ConfirmUploadDetectedMimeGatingTests::test_zip_bomb_disguised_as_jpeg_is_rejected
apps/documents/tests/test_upload_presign_template.py::UploadPresignTemplateFieldTests::test_no_unsigned_success_action_redirect_when_absent_from_upload_fields
apps/documents/tests/test_upload_presign_template.py::UploadPresignTemplateFieldTests::test_rendered_hidden_inputs_match_upload_fields_exactly
apps/documents/tests/test_upload_presign_template.py::UploadPresignTemplateFieldTests::test_signed_success_action_redirect_is_rendered_exactly_once
apps/documents/tests/test_views_citizen.py::DocumentListViewEdgeCaseTests::test_pagination_page_2_has_remainder
apps/documents/tests/test_views_citizen.py::DocumentListViewEdgeCaseTests::test_pagination_shows_20_docs_per_page
apps/documents/tests/test_views_citizen.py::DocumentListViewEdgeCaseTests::test_pending_upload_doc_excluded_from_list
apps/documents/tests/test_views_citizen.py::DocumentListViewEdgeCaseTests::test_quarantined_doc_excluded_from_list
apps/documents/tests/test_views_citizen.py::DocumentListViewEdgeCaseTests::test_storage_key_deferred_in_list_queryset
apps/documents/tests/test_views_citizen.py::DocumentListViewEdgeCaseTests::test_total_count_in_context_matches_active_doc_count
apps/documents/tests/test_views_citizen.py::DocumentListViewEdgeCaseTests::test_total_count_zero_when_no_active_docs
apps/documents/tests/test_views_citizen.py::DocumentDetailViewEdgeCaseTests::test_legal_hold_active_document_is_downloadable
apps/documents/tests/test_views_citizen.py::DocumentDetailViewEdgeCaseTests::test_pending_upload_document_is_visible_but_not_downloadable
apps/documents/tests/test_views_citizen.py::DocumentDetailViewEdgeCaseTests::test_purged_document_returns_404
apps/documents/tests/test_views_citizen.py::DocumentDetailViewEdgeCaseTests::test_storage_key_deferred_in_detail_queryset
apps/documents/tests/test_views_citizen.py::DocumentDetailViewEdgeCaseTests::test_storage_key_key_absent_from_template_context
apps/documents/tests/test_views_citizen.py::DocumentUploadInitViewEdgeCaseTests::test_get_does_not_contain_quarantine_path_in_html
apps/documents/tests/test_views_citizen.py::DocumentUploadInitViewEdgeCaseTests::test_post_presign_context_contains_confirm_url
apps/documents/tests/test_views_citizen.py::DocumentUploadInitViewEdgeCaseTests::test_post_presign_context_does_not_contain_storage_key_key
apps/documents/tests/test_views_citizen.py::DocumentUploadInitViewEdgeCaseTests::test_post_presign_context_threads_description_through
apps/documents/tests/test_views_citizen.py::DocumentUploadInitViewEdgeCaseTests::test_post_unexpected_exception_returns_500
apps/documents/tests/test_views_citizen.py::DocumentUploadConfirmViewEdgeCaseTests::test_confirm_already_scanning_doc_still_redirects_to_list
apps/documents/tests/test_views_citizen.py::DocumentUploadConfirmViewEdgeCaseTests::test_confirm_passes_str_of_pk_to_service
apps/documents/tests/test_views_citizen.py::DocumentUploadConfirmViewEdgeCaseTests::test_confirm_success_adds_success_message
apps/documents/tests/test_views_citizen.py::DocumentUploadConfirmViewEdgeCaseTests::test_confirm_unexpected_exception_redirects_to_upload_init
apps/documents/tests/test_views_citizen.py::DocumentUploadConfirmViewEdgeCaseTests::test_confirm_validation_error_adds_error_message
apps/documents/tests/test_views_citizen.py::DocumentDownloadViewEdgeCaseTests::test_pending_upload_doc_returns_404
apps/documents/tests/test_views_citizen.py::DocumentDownloadViewEdgeCaseTests::test_quarantined_doc_returns_404
apps/documents/tests/test_views_citizen.py::DocumentDownloadViewEdgeCaseTests::test_soft_deleted_active_doc_returns_404
apps/documents/tests/test_views_citizen.py::DocumentTokenRedeemViewEdgeCaseTests::test_content_disposition_uses_document_pk_bin_format
apps/documents/tests/test_views_citizen.py::DocumentTokenRedeemViewEdgeCaseTests::test_large_file_raw_storage_key_not_in_location_header
apps/documents/tests/test_views_citizen.py::DocumentTokenRedeemViewEdgeCaseTests::test_large_file_uses_default_storage_url_method
apps/documents/tests/test_views_citizen.py::DocumentTokenRedeemViewEdgeCaseTests::test_small_file_content_type_matches_doc_mime_type
apps/documents/tests/test_views_citizen.py::DocumentTokenRedeemViewEdgeCaseTests::test_small_file_storage_key_not_in_any_response_header
apps/documents/tests/test_views_citizen.py::DocumentTokenRedeemViewEdgeCaseTests::test_storage_key_not_in_small_file_response_body
apps/documents/tests/test_views_citizen.py::DocumentTokenRedeemViewEdgeCaseTests::test_token_redeem_requires_login
apps/documents/tests/test_views_citizen.py::DocumentTokenRedeemViewEdgeCaseTests::test_unexpected_exception_in_consume_returns_404
apps/documents/tests/test_views_citizen.py::DocumentTokenRedeemPostRedemptionGateTests::test_deleted_at_set_but_status_still_active_is_not_served
apps/documents/tests/test_views_citizen.py::DocumentTokenRedeemPostRedemptionGateTests::test_document_quarantined_after_token_issue_is_not_served
apps/documents/tests/test_views_citizen.py::DocumentTokenRedeemPostRedemptionGateTests::test_document_soft_deleted_after_token_issue_is_not_served
apps/documents/tests/test_views_citizen.py::DocumentTokenRedeemPostRedemptionGateTests::test_large_file_redirect_uses_short_presigned_ttl_on_s3
apps/documents/tests/test_views_citizen.py::DocumentTokenRedeemPostRedemptionGateTests::test_non_s3_backend_still_uses_default_storage_url
apps/documents/tests/test_views_citizen.py::DocumentTokenRedeemPostRedemptionGateTests::test_presigned_ttl_matches_configured_setting
apps/documents/tests/test_views_citizen.py::DocumentTokenRedeemPostRedemptionGateTests::test_still_active_document_is_served
apps/documents/tests/test_views_http_contract.py::CitizenUnauthenticatedTests::test_confirm_unauthenticated_returns_302
apps/documents/tests/test_views_http_contract.py::CitizenUnauthenticatedTests::test_detail_unauthenticated_returns_302
apps/documents/tests/test_views_http_contract.py::CitizenUnauthenticatedTests::test_download_unauthenticated_returns_302
apps/documents/tests/test_views_http_contract.py::CitizenUnauthenticatedTests::test_list_unauthenticated_returns_302
apps/documents/tests/test_views_http_contract.py::CitizenUnauthenticatedTests::test_token_redeem_unauthenticated_returns_302
apps/documents/tests/test_views_http_contract.py::CitizenUnauthenticatedTests::test_upload_init_unauthenticated_returns_302
apps/documents/tests/test_views_http_contract.py::UploadInitHttpTests::test_get_returns_200_html
apps/documents/tests/test_views_http_contract.py::UploadInitHttpTests::test_post_invalid_form_returns_422
apps/documents/tests/test_views_http_contract.py::UploadInitHttpTests::test_post_permission_denied_returns_403
apps/documents/tests/test_views_http_contract.py::UploadInitHttpTests::test_post_unexpected_error_returns_500
apps/documents/tests/test_views_http_contract.py::UploadConfirmHttpTests::test_post_http404_from_service_returns_404
apps/documents/tests/test_views_http_contract.py::UploadConfirmHttpTests::test_post_success_returns_302_to_list
apps/documents/tests/test_views_http_contract.py::UploadConfirmHttpTests::test_post_validation_error_returns_302_to_upload_init
apps/documents/tests/test_views_http_contract.py::DownloadHttpTests::test_302_location_does_not_contain_storage_key
apps/documents/tests/test_views_http_contract.py::DownloadHttpTests::test_get_active_doc_returns_302_to_token_redeem
apps/documents/tests/test_views_http_contract.py::DownloadHttpTests::test_get_scanning_doc_returns_404
apps/documents/tests/test_views_http_contract.py::DownloadHttpTests::test_get_wrong_user_doc_returns_404
apps/documents/tests/test_views_http_contract.py::TokenRedeemHttpTests::test_content_disposition_uses_pk_not_original_filename
apps/documents/tests/test_views_http_contract.py::TokenRedeemHttpTests::test_invalid_token_returns_404
apps/documents/tests/test_views_http_contract.py::TokenRedeemHttpTests::test_large_file_returns_302_redirect
apps/documents/tests/test_views_http_contract.py::TokenRedeemHttpTests::test_small_file_returns_200_with_content_disposition
apps/documents/tests/test_views_http_contract.py::TokenRedeemHttpTests::test_storage_key_not_in_response_content
apps/documents/tests/test_views_http_contract.py::StaffHttpContractTests::test_audit_log_no_perm_returns_403
apps/documents/tests/test_views_http_contract.py::StaffHttpContractTests::test_legal_hold_view_no_perm_returns_403
apps/documents/tests/test_views_http_contract.py::StaffHttpContractTests::test_quarantine_list_no_perm_returns_403
apps/documents/tests/test_views_http_contract.py::StaffHttpContractTests::test_staff_detail_authenticated_no_perm_returns_403
apps/documents/tests/test_views_http_contract.py::StaffHttpContractTests::test_staff_list_authenticated_no_perm_returns_403
apps/documents/tests/test_views_http_contract.py::LegalHoldHttpTests::test_post_apply_returns_302
apps/documents/tests/test_views_http_contract.py::LegalHoldHttpTests::test_post_missing_action_returns_422
apps/documents/tests/test_views_http_contract.py::LegalHoldHttpTests::test_post_missing_reason_returns_422
apps/documents/tests/test_views_http_contract.py::LegalHoldHttpTests::test_post_permission_denied_returns_403
apps/documents/tests/test_views_staff.py::StaffListFilterTests::test_categories_in_context
apps/documents/tests/test_views_staff.py::StaffListFilterTests::test_filter_by_category_slug
apps/documents/tests/test_views_staff.py::StaffListFilterTests::test_filter_by_date_from
apps/documents/tests/test_views_staff.py::StaffListFilterTests::test_filter_by_date_to
apps/documents/tests/test_views_staff.py::StaffListFilterTests::test_filter_by_legal_hold_no
apps/documents/tests/test_views_staff.py::StaffListFilterTests::test_filter_by_legal_hold_yes
apps/documents/tests/test_views_staff.py::StaffListFilterTests::test_filter_by_scan_status_quarantined
apps/documents/tests/test_views_staff.py::StaffListFilterTests::test_filter_with_no_match_returns_empty_list
apps/documents/tests/test_views_staff.py::StaffListFilterTests::test_search_by_category_slug_fragment
apps/documents/tests/test_views_staff.py::StaffListFilterTests::test_total_count_in_context
apps/documents/tests/test_views_staff.py::StaffDetailViewTests::test_can_view_quarantine_details_false_without_perm
apps/documents/tests/test_views_staff.py::StaffDetailViewTests::test_can_view_quarantine_details_true_with_perm
apps/documents/tests/test_views_staff.py::StaffDetailViewTests::test_soft_deleted_document_accessible_to_staff
apps/documents/tests/test_views_staff.py::StaffDetailViewTests::test_storage_key_absent_from_queryset
apps/documents/tests/test_views_staff.py::LegalHoldViewEdgeCaseTests::test_get_shows_release_action_when_hold_active
apps/documents/tests/test_views_staff.py::LegalHoldViewEdgeCaseTests::test_post_invalid_action_returns_422
apps/documents/tests/test_views_staff.py::LegalHoldViewEdgeCaseTests::test_post_permission_denied_from_service_returns_403
apps/documents/tests/test_views_staff.py::LegalHoldViewEdgeCaseTests::test_post_release_success_redirects_to_staff_detail
apps/documents/tests/test_views_staff.py::LegalHoldViewEdgeCaseTests::test_post_unexpected_error_returns_500
apps/documents/tests/test_views_staff.py::LegalHoldViewEdgeCaseTests::test_post_validation_error_from_service_returns_422
apps/documents/tests/test_views_staff.py::QuarantineListViewTests::test_authenticated_without_perm_returns_403
apps/documents/tests/test_views_staff.py::QuarantineListViewTests::test_only_quarantined_documents_shown
apps/documents/tests/test_views_staff.py::QuarantineListViewTests::test_pagination_25_per_page
apps/documents/tests/test_views_staff.py::AuditLogViewTests::test_authenticated_without_perm_returns_403
apps/documents/tests/test_views_staff.py::AuditLogViewTests::test_entries_ordered_newest_first
apps/documents/tests/test_views_staff.py::AuditLogViewTests::test_no_entries_shows_empty_list
apps/documents/tests/test_views_staff.py::AuditLogViewTests::test_nonexistent_document_returns_404
apps/documents/tests/test_views_staff.py::AuditLogViewTests::test_pagination_50_per_page
apps/documents/tests/test_wave3_clamav.py::ClamAVCleanPathTests::test_clean_scan_does_not_fire_quarantined_signal
apps/documents/tests/test_wave3_clamav.py::ClamAVCleanPathTests::test_clean_scan_fires_document_scan_clean_signal
apps/documents/tests/test_wave3_clamav.py::ClamAVCleanPathTests::test_clean_scan_idempotent_already_active
apps/documents/tests/test_wave3_clamav.py::ClamAVCleanPathTests::test_clean_scan_idempotent_already_quarantined
apps/documents/tests/test_wave3_clamav.py::ClamAVCleanPathTests::test_clean_scan_marks_document_active
apps/documents/tests/test_wave3_clamav.py::ClamAVCleanPathTests::test_clean_scan_sets_scan_completed_at
apps/documents/tests/test_wave3_clamav.py::ClamAVCleanPathTests::test_clean_scan_sets_scan_engine_result_ok
apps/documents/tests/test_wave3_clamav.py::ClamAVCleanPathTests::test_clean_scan_signal_no_pii_in_kwargs
apps/documents/tests/test_wave3_clamav.py::ClamAVInfectedPathTests::test_infected_scan_always_calls_delete
apps/documents/tests/test_wave3_clamav.py::ClamAVInfectedPathTests::test_infected_scan_deletes_storage_object
apps/documents/tests/test_wave3_clamav.py::ClamAVInfectedPathTests::test_infected_scan_does_not_fire_scan_clean_signal
apps/documents/tests/test_wave3_clamav.py::ClamAVInfectedPathTests::test_infected_scan_fires_quarantined_signal
apps/documents/tests/test_wave3_clamav.py::ClamAVInfectedPathTests::test_infected_scan_idempotent_already_quarantined
apps/documents/tests/test_wave3_clamav.py::ClamAVInfectedPathTests::test_infected_scan_marks_document_quarantined
apps/documents/tests/test_wave3_clamav.py::ClamAVInfectedPathTests::test_infected_scan_sets_scan_completed_at
apps/documents/tests/test_wave3_clamav.py::ClamAVInfectedPathTests::test_infected_scan_sets_scan_engine_result
apps/documents/tests/test_wave3_clamav.py::ClamAVInfectedPathTests::test_infected_scan_signal_pipeda_no_uploader_identity
apps/documents/tests/test_wave3_clamav.py::ClamAVRetryTests::test_connection_error_triggers_retry
apps/documents/tests/test_wave3_clamav.py::ClamAVRetryTests::test_max_retries_exhausted_calls_quarantine_on_failure
apps/documents/tests/test_wave3_clamav.py::ClamAVRetryTests::test_retry_countdown_exponential_backoff_first_retry
apps/documents/tests/test_wave3_clamav.py::ClamAVRetryTests::test_retry_countdown_exponential_backoff_second_retry
apps/documents/tests/test_wave3_clamav.py::ClamAVRetryTests::test_retry_countdown_exponential_backoff_third_retry
apps/documents/tests/test_wave3_clamav.py::ClamAVRetryTests::test_runtime_error_from_clamav_error_status_triggers_retry
apps/documents/tests/test_wave3_clamav.py::ClamAVRetryTests::test_storage_read_error_quarantines_immediately
apps/documents/tests/test_wave3_clamav.py::ClamAVDocumentNotFoundTests::test_doc_not_found_does_not_fire_any_signal
apps/documents/tests/test_wave3_clamav.py::ClamAVDocumentNotFoundTests::test_doc_not_found_in_clamav_path_triggers_retry
apps/documents/tests/test_wave3_clamav.py::QuarantineOnScanFailureWave3Tests::test_quarantine_on_scan_failure_doc_not_found_does_not_raise
apps/documents/tests/test_wave3_clamav.py::QuarantineOnScanFailureWave3Tests::test_quarantine_on_scan_failure_fires_signal
apps/documents/tests/test_wave3_clamav.py::QuarantineOnScanFailureWave3Tests::test_quarantine_on_scan_failure_idempotent_already_quarantined
apps/documents/tests/test_wave3_clamav.py::QuarantineOnScanFailureWave3Tests::test_quarantine_on_scan_failure_marks_quarantined
apps/documents/tests/test_wave3_clamav.py::QuarantineOnScanFailureWave3Tests::test_quarantine_on_scan_failure_no_pii_in_result
apps/documents/tests/test_wave3_clamav.py::QuarantineOnScanFailureWave3Tests::test_quarantine_on_scan_failure_sets_scan_engine_result
apps/documents/tests/test_wave3_clamav.py::QuarantineOnScanFailureWave3Tests::test_quarantine_on_scan_failure_signal_no_pii
apps/documents/tests/test_wave3_clamav.py::ScanWithClamavTests::test_real_pyclamd_exposes_scan_stream_not_instream
apps/documents/tests/test_wave3_clamav.py::ScanWithClamavTests::test_scan_with_clamav_clamd_error_status_raises_runtime
apps/documents/tests/test_wave3_clamav.py::ScanWithClamavTests::test_scan_with_clamav_clean_returns_ok
apps/documents/tests/test_wave3_clamav.py::ScanWithClamavTests::test_scan_with_clamav_connection_error_propagates
apps/documents/tests/test_wave3_clamav.py::ScanWithClamavTests::test_scan_with_clamav_file_read_error_raises_ioerror
apps/documents/tests/test_wave3_clamav.py::ScanWithClamavTests::test_scan_with_clamav_infected_returns_virus_name
apps/documents/tests/test_wave3_clamav.py::ScanWithClamavTests::test_scan_with_clamav_passes_correct_host_port_timeout
apps/documents/tests/test_wave3_clamav.py::ScanWithClamavTests::test_scan_with_clamav_streams_file_bytes_to_scan_stream
apps/documents/tests/test_wave3_clamav.py::MarkDocumentActiveClamavTests::test_mark_document_active_clamav_doc_not_found_does_not_raise
apps/documents/tests/test_wave3_clamav.py::MarkDocumentActiveClamavTests::test_mark_document_active_clamav_fires_document_scan_clean
apps/documents/tests/test_wave3_clamav.py::MarkDocumentActiveClamavTests::test_mark_document_active_clamav_idempotent_already_active
apps/documents/tests/test_wave3_clamav.py::MarkDocumentActiveClamavTests::test_mark_document_active_clamav_idempotent_already_quarantined
apps/documents/tests/test_wave3_clamav.py::MarkDocumentActiveClamavTests::test_mark_document_active_clamav_sets_scan_engine_result_ok
apps/documents/tests/test_wave3_clamav.py::MarkDocumentActiveClamavTests::test_mark_document_active_clamav_stamps_scan_completed_at
apps/documents/tests/test_wave3_clamav.py::MarkDocumentActiveClamavTests::test_mark_document_active_clamav_transitions_status
apps/documents/tests/test_wave3_clamav.py::MarkDocumentQuarantinedClamavTests::test_mark_document_quarantined_clamav_deletes_storage_object
apps/documents/tests/test_wave3_clamav.py::MarkDocumentQuarantinedClamavTests::test_mark_document_quarantined_clamav_doc_not_found_does_not_raise
apps/documents/tests/test_wave3_clamav.py::MarkDocumentQuarantinedClamavTests::test_mark_document_quarantined_clamav_fires_document_quarantined_signal
apps/documents/tests/test_wave3_clamav.py::MarkDocumentQuarantinedClamavTests::test_mark_document_quarantined_clamav_idempotent_already_quarantined
apps/documents/tests/test_wave3_clamav.py::MarkDocumentQuarantinedClamavTests::test_mark_document_quarantined_clamav_sets_scan_engine_result
apps/documents/tests/test_wave3_clamav.py::MarkDocumentQuarantinedClamavTests::test_mark_document_quarantined_clamav_stamps_scan_completed_at
apps/documents/tests/test_wave3_clamav.py::MarkDocumentQuarantinedClamavTests::test_mark_document_quarantined_clamav_storage_delete_failure_does_not_raise
apps/documents/tests/test_wave3_clamav.py::MarkDocumentQuarantinedClamavTests::test_mark_document_quarantined_clamav_transitions_status
apps/documents/tests/test_wave3_download.py::MaskIpTests::test_empty_string_returns_none
apps/documents/tests/test_wave3_download.py::MaskIpTests::test_garbage_returns_none
apps/documents/tests/test_wave3_download.py::MaskIpTests::test_invalid_ip_returns_none
apps/documents/tests/test_wave3_download.py::MaskIpTests::test_ipv4_last_octet_zeroed
apps/documents/tests/test_wave3_download.py::MaskIpTests::test_ipv4_last_octet_zeroed_already_zero
apps/documents/tests/test_wave3_download.py::MaskIpTests::test_ipv4_loopback_masked
apps/documents/tests/test_wave3_download.py::MaskIpTests::test_ipv4_max_last_octet
apps/documents/tests/test_wave3_download.py::MaskIpTests::test_ipv4_public_address
apps/documents/tests/test_wave3_download.py::MaskIpTests::test_ipv6_full_address_retains_prefix
apps/documents/tests/test_wave3_download.py::MaskIpTests::test_ipv6_link_local_masked
apps/documents/tests/test_wave3_download.py::MaskIpTests::test_ipv6_loopback_masked
apps/documents/tests/test_wave3_download.py::MaskIpTests::test_ipv6_retains_48_prefix
apps/documents/tests/test_wave3_download.py::MaskIpTests::test_none_returns_none
apps/documents/tests/test_wave3_download.py::UserMayDownloadTests::test_anonymous_user_may_not_download
apps/documents/tests/test_wave3_download.py::UserMayDownloadTests::test_citizen_owner_may_download_own_document
apps/documents/tests/test_wave3_download.py::UserMayDownloadTests::test_citizen_stranger_may_not_download_other_document
apps/documents/tests/test_wave3_download.py::UserMayDownloadTests::test_staff_with_view_document_perm_may_download
apps/documents/tests/test_wave3_download.py::UserMayDownloadTests::test_superuser_may_download_any_document
apps/documents/tests/test_wave3_download.py::UserMayDownloadTests::test_superuser_may_download_other_users_document
apps/documents/tests/test_wave3_download.py::IssueAccessTokenTests::test_audit_event_detail_action_is_token_issued
apps/documents/tests/test_wave3_download.py::IssueAccessTokenTests::test_audit_event_detail_contains_token_pk
apps/documents/tests/test_wave3_download.py::IssueAccessTokenTests::test_audit_event_detail_pipeda_no_original_filename
apps/documents/tests/test_wave3_download.py::IssueAccessTokenTests::test_audit_event_detail_pipeda_no_storage_key
apps/documents/tests/test_wave3_download.py::IssueAccessTokenTests::test_audit_event_written_on_token_issuance
apps/documents/tests/test_wave3_download.py::IssueAccessTokenTests::test_audit_failure_does_not_prevent_token_issuance
apps/documents/tests/test_wave3_download.py::IssueAccessTokenTests::test_deleted_scan_status_raises_404
apps/documents/tests/test_wave3_download.py::IssueAccessTokenTests::test_different_citizen_raises_404_not_403
apps/documents/tests/test_wave3_download.py::IssueAccessTokenTests::test_ip_address_is_masked
apps/documents/tests/test_wave3_download.py::IssueAccessTokenTests::test_ip_address_none_stored_as_none
apps/documents/tests/test_wave3_download.py::IssueAccessTokenTests::test_legal_hold_document_is_downloadable
apps/documents/tests/test_wave3_download.py::IssueAccessTokenTests::test_pending_upload_raises_404
apps/documents/tests/test_wave3_download.py::IssueAccessTokenTests::test_quarantined_raises_404
apps/documents/tests/test_wave3_download.py::IssueAccessTokenTests::test_returns_document_access_token
apps/documents/tests/test_wave3_download.py::IssueAccessTokenTests::test_scanning_raises_404
apps/documents/tests/test_wave3_download.py::IssueAccessTokenTests::test_soft_deleted_active_doc_raises_404
apps/documents/tests/test_wave3_download.py::IssueAccessTokenTests::test_staff_with_view_perm_may_issue_token
apps/documents/tests/test_wave3_download.py::IssueAccessTokenTests::test_superuser_may_issue_token
apps/documents/tests/test_wave3_download.py::IssueAccessTokenTests::test_token_is_64_hex_chars
apps/documents/tests/test_wave3_download.py::IssueAccessTokenTests::test_token_is_initially_valid
apps/documents/tests/test_wave3_download.py::IssueAccessTokenTests::test_token_linked_to_correct_document
apps/documents/tests/test_wave3_download.py::IssueAccessTokenTests::test_token_linked_to_correct_user
apps/documents/tests/test_wave3_download.py::IssueAccessTokenTests::test_token_ttl_custom_setting
apps/documents/tests/test_wave3_download.py::IssueAccessTokenTests::test_token_ttl_from_civicos_setting
apps/documents/tests/test_wave3_download.py::ConsumeAccessTokenTests::test_already_used_token_raises_404
apps/documents/tests/test_wave3_download.py::ConsumeAccessTokenTests::test_audit_event_detail_action_is_token_redeemed
apps/documents/tests/test_wave3_download.py::ConsumeAccessTokenTests::test_audit_event_detail_pipeda_no_original_filename
apps/documents/tests/test_wave3_download.py::ConsumeAccessTokenTests::test_audit_event_detail_pipeda_no_storage_key
apps/documents/tests/test_wave3_download.py::ConsumeAccessTokenTests::test_audit_event_written_on_token_redemption
apps/documents/tests/test_wave3_download.py::ConsumeAccessTokenTests::test_audit_failure_does_not_prevent_download
apps/documents/tests/test_wave3_download.py::ConsumeAccessTokenTests::test_different_user_does_not_consume_token
apps/documents/tests/test_wave3_download.py::ConsumeAccessTokenTests::test_different_user_raises_404_not_403
apps/documents/tests/test_wave3_download.py::ConsumeAccessTokenTests::test_expired_token_raises_token_expired_error
apps/documents/tests/test_wave3_download.py::ConsumeAccessTokenTests::test_nonexistent_token_raises_404
apps/documents/tests/test_wave3_download.py::ConsumeAccessTokenTests::test_returned_document_has_correct_scan_status
apps/documents/tests/test_wave3_download.py::ConsumeAccessTokenTests::test_second_call_with_same_token_raises_404
apps/documents/tests/test_wave3_download.py::ConsumeAccessTokenTests::test_valid_token_is_no_longer_valid_after_consumption
apps/documents/tests/test_wave3_download.py::ConsumeAccessTokenTests::test_valid_token_marks_used_at
apps/documents/tests/test_wave3_download.py::ConsumeAccessTokenTests::test_valid_token_returns_document
apps/documents/tests/test_wave3_download.py::ConsumeAccessTokenTests::test_valid_token_used_at_is_recent
apps/documents/tests/test_wave3_download.py::TokenIsValidPropertyTests::test_expired_token_is_not_valid
apps/documents/tests/test_wave3_download.py::TokenIsValidPropertyTests::test_unused_unexpired_token_is_valid
apps/documents/tests/test_wave3_download.py::TokenIsValidPropertyTests::test_used_and_expired_token_is_not_valid
apps/documents/tests/test_wave3_download.py::TokenIsValidPropertyTests::test_used_token_is_not_valid
apps/documents/tests/test_wave3_download.py::PurgeExpiredTokensTests::test_does_not_purge_valid_tokens
apps/documents/tests/test_wave3_download.py::PurgeExpiredTokensTests::test_dry_run_false_actually_deletes
apps/documents/tests/test_wave3_download.py::PurgeExpiredTokensTests::test_dry_run_returns_count_without_deleting
apps/documents/tests/test_wave3_download.py::PurgeExpiredTokensTests::test_mixed_tokens_only_purges_purgeable
apps/documents/tests/test_wave3_download.py::PurgeExpiredTokensTests::test_purges_both_expired_and_used_tokens
apps/documents/tests/test_wave3_download.py::PurgeExpiredTokensTests::test_purges_expired_tokens
apps/documents/tests/test_wave3_download.py::PurgeExpiredTokensTests::test_purges_used_and_expired_token_once
apps/documents/tests/test_wave3_download.py::PurgeExpiredTokensTests::test_purges_used_tokens
apps/documents/tests/test_wave3_download.py::PurgeExpiredTokensTests::test_returns_correct_count
apps/documents/tests/test_wave3_download.py::PurgeExpiredTokensTests::test_returns_zero_when_nothing_to_purge
apps/documents/tests/test_wave3_download.py::RunPurgeExpiredTokensTaskTests::test_task_decorator_acks_late
apps/documents/tests/test_wave3_download.py::RunPurgeExpiredTokensTaskTests::test_task_decorator_max_retries_zero
apps/documents/tests/test_wave3_download.py::RunPurgeExpiredTokensTaskTests::test_task_decorator_reject_on_worker_lost
apps/documents/tests/test_wave3_download.py::RunPurgeExpiredTokensTaskTests::test_task_deletes_expired_tokens
apps/documents/tests/test_wave3_download.py::RunPurgeExpiredTokensTaskTests::test_task_deletes_used_tokens
apps/documents/tests/test_wave3_download.py::RunPurgeExpiredTokensTaskTests::test_task_preserves_valid_tokens
apps/documents/tests/test_wave3_download.py::RunPurgeExpiredTokensTaskTests::test_task_returns_count
apps/documents/tests/test_wave3_download.py::RunPurgeExpiredTokensTaskTests::test_task_returns_zero_when_nothing_to_purge
apps/documents/tests/test_wave3_download.py::GeneratePresignedDownloadUrlTests::test_client_error_propagates
apps/documents/tests/test_wave3_download.py::GeneratePresignedDownloadUrlTests::test_returns_presigned_url_string
apps/documents/tests/test_wave3_download.py::FullDownloadFlowTests::test_full_flow_citizen_downloads_own_document
apps/documents/tests/test_wave3_download.py::FullDownloadFlowTests::test_full_flow_purge_after_consumption
apps/documents/tests/test_wave3_download.py::FullDownloadFlowTests::test_full_flow_superuser_can_issue_and_consume
apps/documents/tests/test_wave3_download.py::FullDownloadFlowTests::test_full_flow_token_cross_user_blocked
apps/documents/tests/test_wave3_download.py::FullDownloadFlowTests::test_full_flow_token_single_use_enforced
apps/documents/tests/test_wave3_download.py::FullDownloadFlowTests::test_full_flow_two_tokens_for_same_document_are_independent
apps/documents/tests/test_wave4_retention.py::SoftDeleteHappyPathTests::test_in_memory_instance_updated
apps/documents/tests/test_wave4_retention.py::SoftDeleteHappyPathTests::test_returns_document_instance
apps/documents/tests/test_wave4_retention.py::SoftDeleteHappyPathTests::test_sets_deleted_at
apps/documents/tests/test_wave4_retention.py::SoftDeleteHappyPathTests::test_sets_deleted_by
apps/documents/tests/test_wave4_retention.py::SoftDeleteHappyPathTests::test_sets_deletion_reason
apps/documents/tests/test_wave4_retention.py::SoftDeleteHappyPathTests::test_sets_scan_status_deleted
apps/documents/tests/test_wave4_retention.py::SoftDeleteHappyPathTests::test_system_deletion_no_deleted_by
apps/documents/tests/test_wave4_retention.py::SoftDeleteLegalHoldTests::test_doc_not_modified_after_legal_hold_rejection
apps/documents/tests/test_wave4_retention.py::SoftDeleteLegalHoldTests::test_legal_hold_set_concurrently_raises_under_lock
apps/documents/tests/test_wave4_retention.py::SoftDeleteLegalHoldTests::test_raises_value_error_pre_lock
apps/documents/tests/test_wave4_retention.py::SoftDeleteAlreadyDeletedTests::test_raises_value_error_if_already_deleted
apps/documents/tests/test_wave4_retention.py::SoftDeleteSignalTests::test_signal_fired_with_correct_kwargs
apps/documents/tests/test_wave4_retention.py::SoftDeleteSignalTests::test_signal_fired_with_none_deleted_by
apps/documents/tests/test_wave4_retention.py::SoftDeleteSignalTests::test_signal_kwargs_no_pii
apps/documents/tests/test_wave4_retention.py::SoftDeleteAuditTests::test_audit_actor_id_is_pk_not_email
apps/documents/tests/test_wave4_retention.py::SoftDeleteAuditTests::test_audit_entry_written
apps/documents/tests/test_wave4_retention.py::SoftDeleteAuditTests::test_audit_event_detail_no_pii
apps/documents/tests/test_wave4_retention.py::HardDeleteHappyPathTests::test_db_row_retained
apps/documents/tests/test_wave4_retention.py::HardDeleteHappyPathTests::test_in_memory_storage_key_cleared
apps/documents/tests/test_wave4_retention.py::HardDeleteHappyPathTests::test_storage_delete_called_with_correct_key
apps/documents/tests/test_wave4_retention.py::HardDeleteHappyPathTests::test_storage_key_nulled
apps/documents/tests/test_wave4_retention.py::HardDeleteFailSafeTests::test_empty_storage_key_skips_storage_delete
apps/documents/tests/test_wave4_retention.py::HardDeleteFailSafeTests::test_scan_status_not_changed_on_storage_error
apps/documents/tests/test_wave4_retention.py::HardDeleteFailSafeTests::test_storage_key_not_nulled_on_storage_error
apps/documents/tests/test_wave4_retention.py::HardDeletePreconditionTests::test_raises_if_grace_period_not_elapsed
apps/documents/tests/test_wave4_retention.py::HardDeletePreconditionTests::test_raises_if_legal_hold
apps/documents/tests/test_wave4_retention.py::HardDeletePreconditionTests::test_raises_if_not_soft_deleted
apps/documents/tests/test_wave4_retention.py::HardDeletePreconditionTests::test_raises_if_scan_status_not_deleted
apps/documents/tests/test_wave4_retention.py::HardDeleteSignalTests::test_signal_fired_after_storage_delete
apps/documents/tests/test_wave4_retention.py::HardDeleteSignalTests::test_signal_kwargs
apps/documents/tests/test_wave4_retention.py::HardDeleteSignalTests::test_signal_kwargs_no_storage_key
apps/documents/tests/test_wave4_retention.py::HardDeleteAuditTests::test_audit_event_detail_no_pii
apps/documents/tests/test_wave4_retention.py::HardDeleteAuditTests::test_audit_event_type_is_record_purged
apps/documents/tests/test_wave4_retention.py::HardDeleteAuditTests::test_audit_written_after_storage_delete
apps/documents/tests/test_wave4_retention.py::ApplyLegalHoldTests::test_apply_sets_legal_hold_reason
apps/documents/tests/test_wave4_retention.py::ApplyLegalHoldTests::test_apply_sets_legal_hold_set_by
apps/documents/tests/test_wave4_retention.py::ApplyLegalHoldTests::test_apply_sets_legal_hold_true
apps/documents/tests/test_wave4_retention.py::ApplyLegalHoldTests::test_audit_written_with_legal_hold_applied_event
apps/documents/tests/test_wave4_retention.py::ApplyLegalHoldTests::test_in_memory_instance_updated
apps/documents/tests/test_wave4_retention.py::ApplyLegalHoldTests::test_raises_permission_denied_without_perm
apps/documents/tests/test_wave4_retention.py::ApplyLegalHoldTests::test_raises_value_error_if_already_on_hold
apps/documents/tests/test_wave4_retention.py::ApplyLegalHoldTests::test_signal_fired_with_legal_hold_true
apps/documents/tests/test_wave4_retention.py::ApplyLegalHoldTests::test_toctou_hold_applied_concurrently_raises_under_lock
apps/documents/tests/test_wave4_retention.py::ReleaseLegalHoldTests::test_audit_written
apps/documents/tests/test_wave4_retention.py::ReleaseLegalHoldTests::test_in_memory_instance_updated
apps/documents/tests/test_wave4_retention.py::ReleaseLegalHoldTests::test_legal_hold_reason_preserved_for_audit
apps/documents/tests/test_wave4_retention.py::ReleaseLegalHoldTests::test_raises_permission_denied_without_perm
apps/documents/tests/test_wave4_retention.py::ReleaseLegalHoldTests::test_raises_value_error_if_not_on_hold
apps/documents/tests/test_wave4_retention.py::ReleaseLegalHoldTests::test_release_sets_legal_hold_false
apps/documents/tests/test_wave4_retention.py::ReleaseLegalHoldTests::test_signal_fired_with_legal_hold_false
apps/documents/tests/test_wave4_retention.py::MarkPurposeFulfilledTests::test_actor_set_as_deleted_by
apps/documents/tests/test_wave4_retention.py::MarkPurposeFulfilledTests::test_raises_for_non_transitory_category
apps/documents/tests/test_wave4_retention.py::MarkPurposeFulfilledTests::test_raises_if_legal_hold
apps/documents/tests/test_wave4_retention.py::MarkPurposeFulfilledTests::test_reason_is_transitory_purpose_fulfilled
apps/documents/tests/test_wave4_retention.py::MarkPurposeFulfilledTests::test_sets_expires_at_to_now
apps/documents/tests/test_wave4_retention.py::MarkPurposeFulfilledTests::test_soft_deletes_transitory_document
apps/documents/tests/test_wave4_retention.py::RunDisposalScheduleTests::test_no_documents_returns_zero_counts
apps/documents/tests/test_wave4_retention.py::RunDisposalScheduleTests::test_returns_summary_dict
apps/documents/tests/test_wave4_retention.py::RunDisposalScheduleTests::test_skips_already_deleted_documents
apps/documents/tests/test_wave4_retention.py::RunDisposalScheduleTests::test_skips_legal_hold_documents
apps/documents/tests/test_wave4_retention.py::RunDisposalScheduleTests::test_soft_deletes_eligible_documents
apps/documents/tests/test_wave4_retention.py::RunDisposalScheduleTests::test_task_decorator_properties
apps/documents/tests/test_wave4_retention.py::RunDisposalScheduleTests::test_task_queue
apps/documents/tests/test_wave4_retention.py::RunDisposalScheduleTests::test_unexpected_exception_increments_errors_count
apps/documents/tests/test_wave4_retention.py::RunHardDeleteScheduleTests::test_db_row_retained_after_hard_delete
apps/documents/tests/test_wave4_retention.py::RunHardDeleteScheduleTests::test_nulls_storage_key_for_eligible_documents
apps/documents/tests/test_wave4_retention.py::RunHardDeleteScheduleTests::test_returns_summary_dict
apps/documents/tests/test_wave4_retention.py::RunHardDeleteScheduleTests::test_skips_docs_within_grace_period
apps/documents/tests/test_wave4_retention.py::RunHardDeleteScheduleTests::test_skips_legal_hold_even_after_grace
apps/documents/tests/test_wave4_retention.py::RunHardDeleteScheduleTests::test_task_decorator_properties
apps/documents/tests/test_wave4_retention.py::RunHardDeleteScheduleTests::test_unexpected_exception_increments_errors_count
apps/documents/tests/test_wave4_retention.py::NotifyExpiringDocumentsTests::test_days_remaining_computed_correctly
apps/documents/tests/test_wave4_retention.py::NotifyExpiringDocumentsTests::test_does_not_notify_already_expired_documents
apps/documents/tests/test_wave4_retention.py::NotifyExpiringDocumentsTests::test_does_not_notify_deleted_documents
apps/documents/tests/test_wave4_retention.py::NotifyExpiringDocumentsTests::test_does_not_notify_legal_hold_documents
apps/documents/tests/test_wave4_retention.py::NotifyExpiringDocumentsTests::test_does_not_notify_non_latest_versions
apps/documents/tests/test_wave4_retention.py::NotifyExpiringDocumentsTests::test_does_not_notify_quarantined_documents
apps/documents/tests/test_wave4_retention.py::NotifyExpiringDocumentsTests::test_notification_context_contains_no_pii
apps/documents/tests/test_wave4_retention.py::NotifyExpiringDocumentsTests::test_returns_summary_dict
apps/documents/tests/test_wave4_retention.py::NotifyExpiringDocumentsTests::test_sends_notification_for_expiring_document
apps/documents/tests/test_wave4_retention.py::NotifyExpiringDocumentsTests::test_smtp_exception_counted_as_skipped_not_reraised
apps/documents/tests/test_wave4_retention.py::NotifyExpiringDocumentsTests::test_task_decorator_properties
apps/documents/tests/test_wave4_retention.py::NotifyExpiringDocumentsTests::test_task_queue
apps/documents/tests/test_wave4_retention.py::NotifyExpiringDocumentsTests::test_template_failure_counted_as_skipped
apps/documents/tests/test_wave4_retention.py::CreateBeatScheduleTests::test_all_tasks_enabled
apps/documents/tests/test_wave4_retention.py::CreateBeatScheduleTests::test_cleanup_task_registered_at_04_00
apps/documents/tests/test_wave4_retention.py::CreateBeatScheduleTests::test_creates_five_periodic_tasks
apps/documents/tests/test_wave4_retention.py::CreateBeatScheduleTests::test_disposal_task_registered_at_02_00
apps/documents/tests/test_wave4_retention.py::CreateBeatScheduleTests::test_hard_delete_task_registered_at_03_00
apps/documents/tests/test_wave4_retention.py::CreateBeatScheduleTests::test_idempotent_second_call
apps/documents/tests/test_wave4_retention.py::CreateBeatScheduleTests::test_notify_task_registered_at_08_00
apps/documents/tests/test_wave4_retention.py::CreateBeatScheduleTests::test_purge_tokens_task_registered_at_01_00
apps/documents/tests/test_wave4_retention.py::DocumentPermissionsTests::test_manage_legal_hold_in_db
apps/documents/tests/test_wave4_retention.py::DocumentPermissionsTests::test_manage_legal_hold_in_meta_permissions
apps/documents/tests/test_wave4_retention.py::DocumentPermissionsTests::test_upload_document_still_present
apps/documents/tests/test_wave4_retention.py::DocumentPermissionsTests::test_upload_staff_document_still_present
apps/documents/tests/test_wave4_retention.py::PipedaInvariantsTests::test_hard_delete_audit_no_storage_key
apps/documents/tests/test_wave4_retention.py::PipedaInvariantsTests::test_legal_hold_audit_actor_id_is_int_not_email
apps/documents/tests/test_wave4_retention.py::PipedaInvariantsTests::test_soft_delete_audit_no_filename
apps/documents/tests/test_wave4_retention.py::PipedaInvariantsTests::test_soft_delete_signal_no_filename
apps/documents/tests/test_wave5_views.py::CitizenAuthTests::test_detail_requires_login
apps/documents/tests/test_wave5_views.py::CitizenAuthTests::test_download_requires_login
apps/documents/tests/test_wave5_views.py::CitizenAuthTests::test_list_requires_login
apps/documents/tests/test_wave5_views.py::CitizenAuthTests::test_upload_init_requires_login
apps/documents/tests/test_wave5_views.py::CitizenDocumentListTests::test_list_200_empty
apps/documents/tests/test_wave5_views.py::CitizenDocumentListTests::test_list_excludes_other_users_docs
apps/documents/tests/test_wave5_views.py::CitizenDocumentListTests::test_list_excludes_soft_deleted
apps/documents/tests/test_wave5_views.py::CitizenDocumentListTests::test_list_shows_latest_versions_only
apps/documents/tests/test_wave5_views.py::CitizenDocumentListTests::test_list_shows_own_documents
apps/documents/tests/test_wave5_views.py::CitizenDocumentDetailTests::test_detail_404_for_nonexistent
apps/documents/tests/test_wave5_views.py::CitizenDocumentDetailTests::test_detail_active_doc_can_download_true
apps/documents/tests/test_wave5_views.py::CitizenDocumentDetailTests::test_detail_does_not_expose_storage_key
apps/documents/tests/test_wave5_views.py::CitizenDocumentDetailTests::test_detail_other_user_doc_404
apps/documents/tests/test_wave5_views.py::CitizenDocumentDetailTests::test_detail_other_user_doc_writes_access_denied_audit_event
apps/documents/tests/test_wave5_views.py::CitizenDocumentDetailTests::test_detail_own_doc_200
apps/documents/tests/test_wave5_views.py::CitizenDocumentDetailTests::test_detail_quarantined_doc_can_download_false
apps/documents/tests/test_wave5_views.py::CitizenDocumentDetailTests::test_detail_scanning_doc_can_download_false
apps/documents/tests/test_wave5_views.py::CitizenDocumentDetailTests::test_detail_shows_filename_escaped
apps/documents/tests/test_wave5_views.py::CitizenDocumentDetailTests::test_detail_soft_deleted_doc_returns_404
apps/documents/tests/test_wave5_views.py::CitizenUploadInitTests::test_get_upload_form_200
apps/documents/tests/test_wave5_views.py::CitizenUploadInitTests::test_post_calls_validate_upload_request
apps/documents/tests/test_wave5_views.py::CitizenUploadInitTests::test_post_no_storage_key_in_response
apps/documents/tests/test_wave5_views.py::CitizenUploadInitTests::test_post_permission_denied_shows_error
apps/documents/tests/test_wave5_views.py::CitizenUploadInitTests::test_post_validation_error_shows_form
apps/documents/tests/test_wave5_views.py::CitizenUploadConfirmTests::test_post_calls_confirm_upload
apps/documents/tests/test_wave5_views.py::CitizenUploadConfirmTests::test_post_http404_from_service
apps/documents/tests/test_wave5_views.py::CitizenUploadConfirmTests::test_post_redirects_to_list
apps/documents/tests/test_wave5_views.py::CitizenUploadConfirmTests::test_post_validation_error_shows_error
apps/documents/tests/test_wave5_views.py::CitizenUploadConfirmTests::test_post_wrong_user_404
apps/documents/tests/test_wave5_views.py::CitizenDownloadTests::test_download_active_doc_redirects_to_token
apps/documents/tests/test_wave5_views.py::CitizenDownloadTests::test_download_non_active_doc_404
apps/documents/tests/test_wave5_views.py::CitizenDownloadTests::test_download_nonexistent_doc_404
apps/documents/tests/test_wave5_views.py::CitizenDownloadTests::test_download_other_user_doc_404
apps/documents/tests/test_wave5_views.py::CitizenDownloadTests::test_download_other_user_doc_writes_access_denied_audit_event
apps/documents/tests/test_wave5_views.py::CitizenTokenRedeemTests::test_redeem_expired_token_404
apps/documents/tests/test_wave5_views.py::CitizenTokenRedeemTests::test_redeem_invalid_token_404
apps/documents/tests/test_wave5_views.py::CitizenTokenRedeemTests::test_redeem_other_user_token_404
apps/documents/tests/test_wave5_views.py::CitizenTokenRedeemTests::test_redeem_storage_key_not_in_response_headers
apps/documents/tests/test_wave5_views.py::CitizenTokenRedeemTests::test_redeem_valid_token_large_file_redirects
apps/documents/tests/test_wave5_views.py::CitizenTokenRedeemTests::test_redeem_valid_token_serves_file
apps/documents/tests/test_wave5_views.py::StaffAuthTests::test_audit_log_requires_permission
apps/documents/tests/test_wave5_views.py::StaffAuthTests::test_legal_hold_requires_permission
apps/documents/tests/test_wave5_views.py::StaffAuthTests::test_quarantine_requires_permission
apps/documents/tests/test_wave5_views.py::StaffAuthTests::test_staff_detail_requires_permission
apps/documents/tests/test_wave5_views.py::StaffAuthTests::test_staff_list_requires_permission
apps/documents/tests/test_wave5_views.py::AnonymousStaffViewRedirectTests::test_anonymous_cannot_access_audit_log
apps/documents/tests/test_wave5_views.py::AnonymousStaffViewRedirectTests::test_anonymous_cannot_access_legal_hold
apps/documents/tests/test_wave5_views.py::AnonymousStaffViewRedirectTests::test_anonymous_cannot_access_quarantine_list
apps/documents/tests/test_wave5_views.py::AnonymousStaffViewRedirectTests::test_anonymous_cannot_access_staff_detail
apps/documents/tests/test_wave5_views.py::AnonymousStaffViewRedirectTests::test_anonymous_cannot_access_staff_list
apps/documents/tests/test_wave5_views.py::StaffDocumentListTests::test_staff_list_200
apps/documents/tests/test_wave5_views.py::StaffDocumentListTests::test_staff_list_filter_by_legal_hold
apps/documents/tests/test_wave5_views.py::StaffDocumentListTests::test_staff_list_filter_by_scan_status
apps/documents/tests/test_wave5_views.py::StaffDocumentListTests::test_staff_list_no_storage_key_in_context
apps/documents/tests/test_wave5_views.py::StaffDocumentListTests::test_staff_list_shows_all_users_docs
apps/documents/tests/test_wave5_views.py::StaffDocumentDetailTests::test_staff_detail_200
apps/documents/tests/test_wave5_views.py::StaffDocumentDetailTests::test_staff_detail_no_storage_key
apps/documents/tests/test_wave5_views.py::StaffDocumentDetailTests::test_staff_detail_shows_scan_engine_result_only_with_perm
apps/documents/tests/test_wave5_views.py::LegalHoldViewTests::test_apply_hold
apps/documents/tests/test_wave5_views.py::LegalHoldViewTests::test_apply_hold_missing_confirm
apps/documents/tests/test_wave5_views.py::LegalHoldViewTests::test_apply_hold_missing_reason
apps/documents/tests/test_wave5_views.py::LegalHoldViewTests::test_get_legal_hold_form_200
apps/documents/tests/test_wave5_views.py::LegalHoldViewTests::test_permission_denied_from_service
apps/documents/tests/test_wave5_views.py::LegalHoldViewTests::test_release_hold
apps/documents/tests/test_wave5_views.py::QuarantineListTests::test_quarantine_list_200
apps/documents/tests/test_wave5_views.py::QuarantineListTests::test_quarantine_list_no_scan_engine_result
apps/documents/tests/test_wave5_views.py::QuarantineListTests::test_quarantine_list_shows_only_quarantined
apps/documents/tests/test_wave5_views.py::AuditLogViewTests::test_audit_log_200
apps/documents/tests/test_wave5_views.py::AuditLogViewTests::test_audit_log_shows_entries
apps/documents/tests/test_wave5_views.py::PIPEDAInvariantTests::test_idor_404_not_403_for_citizen
apps/documents/tests/test_wave5_views.py::PIPEDAInvariantTests::test_scan_engine_result_never_in_citizen_response
apps/documents/tests/test_wave5_views.py::PIPEDAInvariantTests::test_storage_key_never_in_any_citizen_response
apps/documents/tests/test_wave5_views.py::PIPEDAInvariantTests::test_uploaded_by_email_never_in_staff_list
apps/documents/tests/test_wave6_integration.py::TestDocumentCategorySeed::test_all_9_categories_exist_after_migration
apps/documents/tests/test_wave6_integration.py::TestDocumentCategorySeed::test_pipeda_data_export_is_transitory
apps/documents/tests/test_wave6_integration.py::TestDocumentCategorySeed::test_pipeda_data_export_max_retention_30
apps/documents/tests/test_wave6_integration.py::TestDocumentCategorySeed::test_seed_is_idempotent
apps/documents/tests/test_wave6_integration.py::TestDocumentCategorySeed::test_staff_decision_memo_is_staff_only
apps/documents/tests/test_wave6_integration.py::TestDocumentCategorySeed::test_system_generated_report_is_staff_only
apps/documents/tests/test_wave6_integration.py::TestCertificationDocumentIntegration::test_certification_document_v2_can_be_set
apps/documents/tests/test_wave6_integration.py::TestCertificationDocumentIntegration::test_certification_document_v2_field_exists
apps/documents/tests/test_wave6_integration.py::TestCertificationDocumentIntegration::test_certification_document_v2_nullable
apps/documents/tests/test_wave6_integration.py::TestCertificationDocumentIntegration::test_certification_document_v2_protect
apps/documents/tests/test_wave6_integration.py::TestHonorariumT4ADocumentIntegration::test_honorarium_t4a_document_can_link_document
apps/documents/tests/test_wave6_integration.py::TestHonorariumT4ADocumentIntegration::test_honorarium_t4a_document_field_exists
apps/documents/tests/test_wave6_integration.py::TestHonorariumT4ADocumentIntegration::test_honorarium_t4a_document_nullable
apps/documents/tests/test_wave6_integration.py::TestHonorariumT4ADocumentIntegration::test_honorarium_t4a_document_one_to_one
apps/documents/tests/test_wave6_integration.py::TestScreeningRecordDocumentIntegration::test_vsc_confirmation_doc_can_be_set
apps/documents/tests/test_wave6_integration.py::TestScreeningRecordDocumentIntegration::test_vsc_confirmation_doc_field_exists
apps/documents/tests/test_wave6_integration.py::TestScreeningRecordDocumentIntegration::test_vsc_confirmation_doc_nullable
apps/documents/tests/test_wave6_integration.py::TestScreeningRecordDocumentIntegration::test_vsc_confirmation_doc_pipeda_help_text
apps/documents/tests/test_wave6_integration.py::TestOfficialDonationReceiptDocumentIntegration::test_document_field_exists
apps/documents/tests/test_wave6_integration.py::TestOfficialDonationReceiptDocumentIntegration::test_document_nullable
apps/documents/tests/test_wave6_integration.py::TestOfficialDonationReceiptDocumentIntegration::test_has_pdf_false_when_no_document
apps/documents/tests/test_wave6_integration.py::TestOfficialDonationReceiptDocumentIntegration::test_has_pdf_true_when_document_set
apps/documents/tests/test_wave6_integration.py::TestOfficialDonationReceiptDocumentIntegration::test_pdf_path_field_absent_after_phase3
apps/documents/tests/test_wave6_integration.py::TestDataExportRequestDocumentIntegration::test_document_can_be_set
apps/documents/tests/test_wave6_integration.py::TestDataExportRequestDocumentIntegration::test_document_field_exists
apps/documents/tests/test_wave6_integration.py::TestDataExportRequestDocumentIntegration::test_document_nullable
apps/documents/tests/test_wave6_integration.py::TestDataExportRequestDocumentIntegration::test_document_protect
apps/documents/tests/test_wave6_integration.py::TestDataExportRequestDocumentIntegration::test_storage_path_field_removed
apps/documents/tests/test_wave6_integration.py::TestServiceRequestGenericRelation::test_can_attach_document_to_service_request
apps/documents/tests/test_wave6_integration.py::TestServiceRequestGenericRelation::test_document_attachment_references_correct_document
apps/documents/tests/test_wave6_integration.py::TestServiceRequestGenericRelation::test_service_request_has_document_attachments_attribute
apps/documents/tests/test_wave6_integration.py::TestWorkItemGenericRelation::test_can_attach_document_to_work_item
apps/documents/tests/test_wave6_integration.py::TestWorkItemGenericRelation::test_can_attach_document_to_work_item_comment
apps/documents/tests/test_wave6_integration.py::TestWorkItemGenericRelation::test_document_attachment_cascade_delete_on_workitem_delete
apps/documents/tests/test_wave6_integration.py::TestWorkItemGenericRelation::test_work_item_comment_has_document_attachments
apps/documents/tests/test_wave6_integration.py::TestWorkItemGenericRelation::test_work_item_has_document_attachments
apps/documents/tests/test_wave6_integration.py::TestMigrateExistingFilesCommand::test_certification_migration_detects_phase3
apps/documents/tests/test_wave6_integration.py::TestMigrateExistingFilesCommand::test_dry_run_does_not_write_to_db
apps/documents/tests/test_wave6_integration.py::TestMigrateExistingFilesCommand::test_idempotency
apps/documents/tests/test_wave6_integration.py::TestMigrateExistingFilesCommand::test_no_pii_in_logs
apps/documents/tests/test_wave6_integration.py::TestTransitoryDocumentDisposal::test_mark_purpose_fulfilled_already_deleted_raises
apps/documents/tests/test_wave6_integration.py::TestTransitoryDocumentDisposal::test_mark_purpose_fulfilled_legal_hold_raises
apps/documents/tests/test_wave6_integration.py::TestTransitoryDocumentDisposal::test_mark_purpose_fulfilled_non_transitory_raises
apps/documents/tests/test_wave6_integration.py::TestTransitoryDocumentDisposal::test_mark_purpose_fulfilled_on_transitory_category
apps/documents/tests/test_wave6_integration.py::TestTransitoryDocumentDisposal::test_mark_purpose_fulfilled_sets_expires_at
apps/documents/tests/test_wave6_integration.py::TestDataExportTaskDocumentBBIntegration::test_legacy_export_file_deleted_after_successful_document_bb_creation
apps/documents/tests/test_wave6_integration.py::TestDataExportTaskDocumentBBIntegration::test_pii_not_in_export_task_logs
apps/documents/tests/test_wave6_integration.py::TestDataExportTaskDocumentBBIntegration::test_process_data_export_creates_document_when_category_exists
apps/documents/tests/test_wave6_integration.py::TestDataExportTaskDocumentBBIntegration::test_process_data_export_falls_back_when_category_missing
apps/documents/tests/test_wave6_integration.py::TestDataExportTaskDocumentBBIntegration::test_storage_key_not_in_logs
apps/documents/tests/test_wave6_integration.py::TestCorrectiveMigration0008::test_corrective_migration_is_idempotent
apps/documents/tests/test_wave6_integration.py::TestCorrectiveMigration0008::test_cra_t4a_slip_final_state_is_correct
apps/documents/tests/test_wave6_integration.py::TestCorrectiveMigration0008::test_cra_t4a_slip_staff_only_after_corrective_migration
apps/documents/tests/test_wave6_integration.py::TestCorrectiveMigration0008::test_noop_reverse_does_not_raise
apps/documents/tests/test_wave6_integration.py::TestCorrectiveMigration0008::test_volunteer_certification_final_state_is_correct
apps/documents/tests/test_wave6_integration.py::TestCorrectiveMigration0008::test_volunteer_certification_min_retention_is_730_days
apps/documents/tests/test_wave6_integration.py::TestCorrectiveMigration0008::test_volunteer_certification_staff_only_after_corrective_migration
apps/documents/tests/test_wave6_integration.py::TestServiceFeePaymentGenericRelation::test_document_can_be_attached_to_service_fee_payment
apps/documents/tests/test_wave6_integration.py::TestServiceFeePaymentGenericRelation::test_service_fee_payment_attachment_cascade_on_delete
apps/documents/tests/test_wave6_integration.py::TestServiceFeePaymentGenericRelation::test_service_fee_payment_has_document_attachments_relation
apps/documents/tests/test_wave6_integration.py::TestVolunteerApplicationGenericRelation::test_document_can_be_attached_to_volunteer_application
apps/documents/tests/test_wave6_integration.py::TestVolunteerApplicationGenericRelation::test_volunteer_application_attachment_cascade_on_delete
apps/documents/tests/test_wave6_integration.py::TestVolunteerApplicationGenericRelation::test_volunteer_application_has_document_attachments_relation
apps/documents/tests/test_wave6_integration.py::TestCleanupExportFilesActorFix::test_cleanup_does_not_crash_with_transitory_document
apps/documents/tests/test_wave6_integration.py::TestCleanupExportFilesActorFix::test_cleanup_marks_transitory_document_soft_deleted
apps/documents/tests/test_wcag.py::MainLandmarkTests::test_document_detail_has_main
apps/documents/tests/test_wcag.py::MainLandmarkTests::test_document_list_has_main
apps/documents/tests/test_wcag.py::MainLandmarkTests::test_upload_init_has_main
apps/documents/tests/test_wcag.py::HeadingTests::test_document_detail_has_one_h1
apps/documents/tests/test_wcag.py::HeadingTests::test_document_list_has_one_h1
apps/documents/tests/test_wcag.py::HeadingTests::test_upload_form_has_one_h1
apps/documents/tests/test_wcag.py::FormAriaDescribedByTests::test_upload_form_category_error_has_role_alert
apps/documents/tests/test_wcag.py::FormAriaDescribedByTests::test_upload_form_file_input_has_aria_describedby
apps/documents/tests/test_wcag.py::FormAriaDescribedByTests::test_upload_form_inputs_have_id_attributes
apps/documents/tests/test_wcag.py::XSSEscapingTests::test_xss_in_description_is_escaped
apps/documents/tests/test_wcag.py::XSSEscapingTests::test_xss_payload_in_filename_is_escaped_in_detail
apps/documents/tests/test_wcag.py::XSSEscapingTests::test_xss_payload_in_filename_is_escaped_in_list
apps/documents/tests/test_wcag.py::StorageKeyNotInHTMLTests::test_storage_key_not_in_document_detail
apps/documents/tests/test_wcag.py::StorageKeyNotInHTMLTests::test_storage_key_not_in_document_list
apps/documents/tests/test_wcag.py::StorageKeyNotInHTMLTests::test_storage_key_not_in_upload_form
apps/documents/tests/test_wcag.py::ErrorRoleAlertTests::test_upload_form_non_field_error_has_role_alert
apps/documents/tests/test_wcag.py::SkipNavigationTests::test_document_detail_has_skip_nav
apps/documents/tests/test_wcag.py::SkipNavigationTests::test_document_list_has_skip_nav
apps/documents/tests/test_wcag.py::PaginationAriaTests::test_pagination_nav_has_aria_label
apps/documents/tests/test_wcag.py::BreadcrumbAriaTests::test_document_detail_breadcrumb_has_aria_label
apps/documents/tests/test_wcag.py::CSRFTokenTests::test_upload_form_has_csrf_token
apps/documents/tests/test_wcag.py::CSRFTokenTests::test_upload_form_method_is_post
apps/documents/tests/test_wcag.py::TableCaptionTests::test_document_list_table_has_caption
apps/documents/tests/test_wcag.py::SectionAriaLabelledByTests::test_document_detail_section_aria_labelledby
apps/documents/tests/test_wcag.py::SectionAriaLabelledByTests::test_document_list_section_aria_labelledby
apps/documents/tests/test_wcag.py::SectionAriaLabelledByTests::test_upload_form_section_aria_labelledby
apps/documents/tests/test_wcag.py::RequiredFieldAriaTests::test_required_asterisk_is_aria_hidden
apps/documents/tests/test_wcag.py::RequiredFieldAriaTests::test_upload_form_category_is_aria_required
apps/documents/tests/test_wcag.py::AuthRedirectTests::test_document_detail_redirects_anon
apps/documents/tests/test_wcag.py::AuthRedirectTests::test_document_list_redirects_anon
apps/documents/tests/test_wcag.py::AuthRedirectTests::test_upload_form_redirects_anon
apps/documents/tests/test_wcag.py::TimeElementTests::test_document_detail_time_has_datetime_attr
apps/documents/tests/test_wcag.py::TimeElementTests::test_document_list_time_has_datetime_attr
apps/documents/tests/test_integration.py::FullUploadScanDownloadPipelineTests::test_access_token_issued_for_active_document
apps/documents/tests/test_integration.py::FullUploadScanDownloadPipelineTests::test_confirm_upload_advances_to_scanning_status
apps/documents/tests/test_integration.py::FullUploadScanDownloadPipelineTests::test_confirm_upload_dispatches_scan_on_commit
apps/documents/tests/test_integration.py::FullUploadScanDownloadPipelineTests::test_confirm_upload_idor_returns_404_for_wrong_user
apps/documents/tests/test_integration.py::FullUploadScanDownloadPipelineTests::test_consume_access_token_returns_document_and_marks_used
apps/documents/tests/test_integration.py::FullUploadScanDownloadPipelineTests::test_consumed_token_cannot_be_reused
apps/documents/tests/test_integration.py::FullUploadScanDownloadPipelineTests::test_dev_bypass_scan_produces_active_document
apps/documents/tests/test_integration.py::FullUploadScanDownloadPipelineTests::test_expired_token_cannot_be_consumed
apps/documents/tests/test_integration.py::FullUploadScanDownloadPipelineTests::test_other_user_cannot_consume_foreign_token
apps/documents/tests/test_integration.py::FullUploadScanDownloadPipelineTests::test_validate_upload_request_creates_pending_upload_document
apps/documents/tests/test_integration.py::FullUploadScanDownloadPipelineTests::test_validate_upload_request_never_returns_storage_key
apps/documents/tests/test_services_upload.py::ConfirmUploadTests::test_already_active_returns_doc_without_error
apps/documents/tests/test_services_upload.py::ConfirmUploadTests::test_already_scanning_returns_doc_without_error
apps/documents/tests/test_services_upload.py::ConfirmUploadTests::test_audit_actor_id_is_user_pk
apps/documents/tests/test_services_upload.py::ConfirmUploadTests::test_audit_log_written_with_correct_fields
apps/documents/tests/test_services_upload.py::ConfirmUploadTests::test_confirm_does_not_change_security_classification
apps/documents/tests/test_services_upload.py::ConfirmUploadTests::test_document_confirmed_signal_no_storage_key_in_kwargs
apps/documents/tests/test_services_upload.py::ConfirmUploadTests::test_file_not_found_does_not_advance_status
apps/documents/tests/test_services_upload.py::ConfirmUploadTests::test_file_not_found_raises_validation_error
apps/documents/tests/test_services_upload.py::ConfirmUploadTests::test_happy_path_dispatches_scan_task
apps/documents/tests/test_services_upload.py::ConfirmUploadTests::test_happy_path_fires_document_confirmed_signal
apps/documents/tests/test_services_upload.py::ConfirmUploadTests::test_happy_path_sets_scanning_status
apps/documents/tests/test_services_upload.py::ConfirmUploadTests::test_idor_wrong_user_returns_404
apps/documents/tests/test_services_upload.py::ConfirmUploadTests::test_magic_byte_failure_leaves_status_pending
apps/documents/tests/test_services_upload.py::ConfirmUploadTests::test_magic_byte_mismatch_raises
apps/documents/tests/test_services_upload.py::ConfirmUploadTests::test_nonexistent_doc_returns_404
apps/documents/tests/test_services_upload.py::ConfirmUploadTests::test_pdf_skips_zip_bomb_check
apps/documents/tests/test_services_upload.py::ConfirmUploadTests::test_zip_bomb_in_docx_raises
apps/documents/tests/test_services_upload.py::ConfirmUploadTests::test_zip_bomb_in_xlsx_raises
apps/documents/tests/test_services_upload.py::ConfirmUploadIdempotencyHighTests::test_active_doc_returns_silently
apps/documents/tests/test_services_upload.py::ConfirmUploadIdempotencyHighTests::test_deleted_doc_raises_validation_error
apps/documents/tests/test_services_upload.py::ConfirmUploadIdempotencyHighTests::test_quarantined_doc_raises_validation_error
apps/documents/tests/test_services_upload.py::ConfirmUploadIdempotencyHighTests::test_scanning_doc_returns_silently
apps/documents/tests/test_services_upload.py::AuditWriteFailureTests::test_audit_failure_raises
apps/documents/tests/test_services_upload.py::AuditWriteFailureTests::test_audit_failure_rolls_back_to_pending_upload

=============================== warnings summary ===============================
../../../usr/local/lib/python3.12/dist-packages/wagtail/blocks/field_block.py:321
../../../usr/local/lib/python3.12/dist-packages/wagtail/blocks/field_block.py:321
  /usr/local/lib/python3.12/dist-packages/wagtail/blocks/field_block.py:321: RemovedInDjango60Warning: The default scheme will be changed from 'http' to 'https' in Django 6.0. Pass the forms.URLField.assume_scheme argument to silence this warning, or set the FORMS_URLFIELD_ASSUME_HTTPS transitional setting to True to opt into using 'https' as the new default scheme.
    self.field = forms.URLField(

apps/payments/models.py:193
  <workspace>/apps/payments/models.py:193: RemovedInDjango60Warning: CheckConstraint.check is deprecated in favor of `.condition`.
    models.CheckConstraint(

apps/payments/models.py:197
  <workspace>/apps/payments/models.py:197: RemovedInDjango60Warning: CheckConstraint.check is deprecated in favor of `.condition`.
    models.CheckConstraint(

apps/payments/models.py:350
  <workspace>/apps/payments/models.py:350: RemovedInDjango60Warning: CheckConstraint.check is deprecated in favor of `.condition`.
    models.CheckConstraint(

apps/payments/models.py:354
  <workspace>/apps/payments/models.py:354: RemovedInDjango60Warning: CheckConstraint.check is deprecated in favor of `.condition`.
    models.CheckConstraint(

apps/payments/models.py:358
  <workspace>/apps/payments/models.py:358: RemovedInDjango60Warning: CheckConstraint.check is deprecated in favor of `.condition`.
    models.CheckConstraint(

apps/payments/models.py:362
  <workspace>/apps/payments/models.py:362: RemovedInDjango60Warning: CheckConstraint.check is deprecated in favor of `.condition`.
    models.CheckConstraint(

apps/payments/models.py:499
  <workspace>/apps/payments/models.py:499: RemovedInDjango60Warning: CheckConstraint.check is deprecated in favor of `.condition`.
    models.CheckConstraint(

apps/payments/models.py:697
  <workspace>/apps/payments/models.py:697: RemovedInDjango60Warning: CheckConstraint.check is deprecated in favor of `.condition`.
    models.CheckConstraint(

apps/payments/models.py:1005
  <workspace>/apps/payments/models.py:1005: RemovedInDjango60Warning: CheckConstraint.check is deprecated in favor of `.condition`.
    models.CheckConstraint(

apps/payments/models.py:1009
  <workspace>/apps/payments/models.py:1009: RemovedInDjango60Warning: CheckConstraint.check is deprecated in favor of `.condition`.
    models.CheckConstraint(

apps/payments/models.py:1190
  <workspace>/apps/payments/models.py:1190: RemovedInDjango60Warning: CheckConstraint.check is deprecated in favor of `.condition`.
    models.CheckConstraint(

apps/payments/models.py:1194
  <workspace>/apps/payments/models.py:1194: RemovedInDjango60Warning: CheckConstraint.check is deprecated in favor of `.condition`.
    models.CheckConstraint(

apps/payments/models.py:1569
  <workspace>/apps/payments/models.py:1569: RemovedInDjango60Warning: CheckConstraint.check is deprecated in favor of `.condition`.
    models.CheckConstraint(

apps/payments/models.py:1573
  <workspace>/apps/payments/models.py:1573: RemovedInDjango60Warning: CheckConstraint.check is deprecated in favor of `.condition`.
    models.CheckConstraint(

apps/payments/models.py:1577
  <workspace>/apps/payments/models.py:1577: RemovedInDjango60Warning: CheckConstraint.check is deprecated in favor of `.condition`.
    models.CheckConstraint(

apps/payments/models.py:1581
  <workspace>/apps/payments/models.py:1581: RemovedInDjango60Warning: CheckConstraint.check is deprecated in favor of `.condition`.
    models.CheckConstraint(

apps/payments/models.py:1585
  <workspace>/apps/payments/models.py:1585: RemovedInDjango60Warning: CheckConstraint.check is deprecated in favor of `.condition`.
    models.CheckConstraint(

apps/payments/models.py:1819
  <workspace>/apps/payments/models.py:1819: RemovedInDjango60Warning: CheckConstraint.check is deprecated in favor of `.condition`.
    models.CheckConstraint(

apps/payments/models.py:1823
  <workspace>/apps/payments/models.py:1823: RemovedInDjango60Warning: CheckConstraint.check is deprecated in favor of `.condition`.
    models.CheckConstraint(

apps/payments/models.py:1832
  <workspace>/apps/payments/models.py:1832: RemovedInDjango60Warning: CheckConstraint.check is deprecated in favor of `.condition`.
    models.CheckConstraint(

apps/volunteers/models.py:565
  <workspace>/apps/volunteers/models.py:565: RemovedInDjango60Warning: CheckConstraint.check is deprecated in favor of `.condition`.
    models.CheckConstraint(

apps/volunteers/models.py:889
  <workspace>/apps/volunteers/models.py:889: RemovedInDjango60Warning: CheckConstraint.check is deprecated in favor of `.condition`.
    models.CheckConstraint(

apps/volunteers/models.py:1118
  <workspace>/apps/volunteers/models.py:1118: RemovedInDjango60Warning: CheckConstraint.check is deprecated in favor of `.condition`.
    models.CheckConstraint(

apps/volunteers/models.py:1631
  <workspace>/apps/volunteers/models.py:1631: RemovedInDjango60Warning: CheckConstraint.check is deprecated in favor of `.condition`.
    models.CheckConstraint(

apps/volunteers/models.py:1836
  <workspace>/apps/volunteers/models.py:1836: RemovedInDjango60Warning: CheckConstraint.check is deprecated in favor of `.condition`.
    models.CheckConstraint(

apps/payments/govstack_models.py:1128
  <workspace>/apps/payments/govstack_models.py:1128: RemovedInDjango60Warning: CheckConstraint.check is deprecated in favor of `.condition`.
    models.CheckConstraint(

apps/payments/govstack_models.py:1272
  <workspace>/apps/payments/govstack_models.py:1272: RemovedInDjango60Warning: CheckConstraint.check is deprecated in favor of `.condition`.
    models.CheckConstraint(

../../../usr/local/lib/python3.12/dist-packages/django/db/models/fields/__init__.py:1148
../../../usr/local/lib/python3.12/dist-packages/django/db/models/fields/__init__.py:1148
  /usr/local/lib/python3.12/dist-packages/django/db/models/fields/__init__.py:1148: RemovedInDjango60Warning: The default scheme will be changed from 'http' to 'https' in Django 6.0. Pass the forms.URLField.assume_scheme argument to silence this warning, or set the FORMS_URLFIELD_ASSUME_HTTPS transitional setting to True to opt into using 'https' as the new default scheme.
    return form_class(**defaults)

-- Docs: https://docs.pytest.org/en/stable/how-to/capture-warnings.html
1159 tests collected in 0.63s
